subject,session,folder,task,run
INET001,3,/Volumes/illinois-las-psych-gratton/iNetworks/Nifti/derivatives/preproc_FCProc-24.1.1/sub-INET001/ses-3/func/,resting,6
INET003,4,/Volumes/illinois-las-psych-gratton/iNetworks/Nifti/derivatives/preproc_FCProc-24.1.1/sub-INET003/ses-4/func/,resting,2
INET005,2,/Volumes/illinois-las-psych-gratton/iNetworks/Nifti/derivatives/preproc_FCProc-24.1.1/sub-INET005/ses-2/func/,resting,5
INET005,4,/Volumes/illinois-las-psych-gratton/iNetworks/Nifti/derivatives/preproc_FCProc-24.1.1/sub-INET005/ses-4/func/,resting,3
INET016,1,/Volumes/illinois-las-psych-gratton/iNetworks/Nifti/derivatives/preproc_FCProc-24.1.1/sub-INET016/ses-1/func/,resting,5
INET016,2,/Volumes/illinois-las-psych-gratton/iNetworks/Nifti/derivatives/preproc_FCProc-24.1.1/sub-INET016/ses-2/func/,resting,2
INET016,2,/Volumes/illinois-las-psych-gratton/iNetworks/Nifti/derivatives/preproc_FCProc-24.1.1/sub-INET016/ses-2/func/,resting,3
INET016,3,/Volumes/illinois-las-psych-gratton/iNetworks/Nifti/derivatives/preproc_FCProc-24.1.1/sub-INET016/ses-3/func/,resting,2
INET016,3,/Volumes/illinois-las-psych-gratton/iNetworks/Nifti/derivatives/preproc_FCProc-24.1.1/sub-INET016/ses-3/func/,resting,6
INET016,4,/Volumes/illinois-las-psych-gratton/iNetworks/Nifti/derivatives/preproc_FCProc-24.1.1/sub-INET016/ses-4/func/,resting,1
INET016,4,/Volumes/illinois-las-psych-gratton/iNetworks/Nifti/derivatives/preproc_FCProc-24.1.1/sub-INET016/ses-4/func/,resting,8
INET018,1,/Volumes/illinois-las-psych-gratton/iNetworks/Nifti/derivatives/preproc_FCProc-24.1.1/sub-INET018/ses-1/func/,resting,4
INET018,3,/Volumes/illinois-las-psych-gratton/iNetworks/Nifti/derivatives/preproc_FCProc-24.1.1/sub-INET018/ses-3/func/,resting,2
INET018,3,/Volumes/illinois-las-psych-gratton/iNetworks/Nifti/derivatives/preproc_FCProc-24.1.1/sub-INET018/ses-3/func/,resting,4
INET018,3,/Volumes/illinois-las-psych-gratton/iNetworks/Nifti/derivatives/preproc_FCProc-24.1.1/sub-INET018/ses-3/func/,resting,7
INET019,1,/Volumes/illinois-las-psych-gratton/iNetworks/Nifti/derivatives/preproc_FCProc-24.1.1/sub-INET019/ses-1/func/,resting,5
INET026,2,/Volumes/illinois-las-psych-gratton/iNetworks/Nifti/derivatives/preproc_FCProc-24.1.1/sub-INET026/ses-2/func/,resting,2
INET026,2,/Volumes/illinois-las-psych-gratton/iNetworks/Nifti/derivatives/preproc_FCProc-24.1.1/sub-INET026/ses-2/func/,resting,3
INET026,2,/Volumes/illinois-las-psych-gratton/iNetworks/Nifti/derivatives/preproc_FCProc-24.1.1/sub-INET026/ses-2/func/,resting,5
INET026,2,/Volumes/illinois-las-psych-gratton/iNetworks/Nifti/derivatives/preproc_FCProc-24.1.1/sub-INET026/ses-2/func/,resting,6
INET026,3,/Volumes/illinois-las-psych-gratton/iNetworks/Nifti/derivatives/preproc_FCProc-24.1.1/sub-INET026/ses-3/func/,resting,3
INET026,3,/Volumes/illinois-las-psych-gratton/iNetworks/Nifti/derivatives/preproc_FCProc-24.1.1/sub-INET026/ses-3/func/,resting,4
INET026,4,/Volumes/illinois-las-psych-gratton/iNetworks/Nifti/derivatives/preproc_FCProc-24.1.1/sub-INET026/ses-4/func/,resting,3
INET026,4,/Volumes/illinois-las-psych-gratton/iNetworks/Nifti/derivatives/preproc_FCProc-24.1.1/sub-INET026/ses-4/func/,resting,4
INET026,4,/Volumes/illinois-las-psych-gratton/iNetworks/Nifti/derivatives/preproc_FCProc-24.1.1/sub-INET026/ses-4/func/,resting,5
INET029,1,/Volumes/illinois-las-psych-gratton/iNetworks/Nifti/derivatives/preproc_FCProc-24.1.1/sub-INET029/ses-1/func/,resting,3
INET029,1,/Volumes/illinois-las-psych-gratton/iNetworks/Nifti/derivatives/preproc_FCProc-24.1.1/sub-INET029/ses-1/func/,resting,4
INET029,2,/Volumes/illinois-las-psych-gratton/iNetworks/Nifti/derivatives/preproc_FCProc-24.1.1/sub-INET029/ses-2/func/,resting,4
INET029,2,/Volumes/illinois-las-psych-gratton/iNetworks/Nifti/derivatives/preproc_FCProc-24.1.1/sub-INET029/ses-2/func/,resting,5
INET032,1,/Volumes/illinois-las-psych-gratton/iNetworks/Nifti/derivatives/preproc_FCProc-24.1.1/sub-INET032/ses-1/func/,resting,4
INET032,1,/Volumes/illinois-las-psych-gratton/iNetworks/Nifti/derivatives/preproc_FCProc-24.1.1/sub-INET032/ses-1/func/,resting,5
INET032,2,/Volumes/illinois-las-psych-gratton/iNetworks/Nifti/derivatives/preproc_FCProc-24.1.1/sub-INET032/ses-2/func/,resting,3
INET032,2,/Volumes/illinois-las-psych-gratton/iNetworks/Nifti/derivatives/preproc_FCProc-24.1.1/sub-INET032/ses-2/func/,resting,4
INET032,3,/Volumes/illinois-las-psych-gratton/iNetworks/Nifti/derivatives/preproc_FCProc-24.1.1/sub-INET032/ses-3/func/,resting,2
INET032,3,/Volumes/illinois-las-psych-gratton/iNetworks/Nifti/derivatives/preproc_FCProc-24.1.1/sub-INET032/ses-3/func/,resting,5
INET034,1,/Volumes/illinois-las-psych-gratton/iNetworks/Nifti/derivatives/preproc_FCProc-24.1.1/sub-INET034/ses-1/func/,resting,3
INET034,2,/Volumes/illinois-las-psych-gratton/iNetworks/Nifti/derivatives/preproc_FCProc-24.1.1/sub-INET034/ses-2/func/,resting,1
INET034,3,/Volumes/illinois-las-psych-gratton/iNetworks/Nifti/derivatives/preproc_FCProc-24.1.1/sub-INET034/ses-3/func/,resting,5
INET034,3,/Volumes/illinois-las-psych-gratton/iNetworks/Nifti/derivatives/preproc_FCProc-24.1.1/sub-INET034/ses-3/func/,resting,6
INET034,3,/Volumes/illinois-las-psych-gratton/iNetworks/Nifti/derivatives/preproc_FCProc-24.1.1/sub-INET034/ses-3/func/,resting,7
INET034,4,/Volumes/illinois-las-psych-gratton/iNetworks/Nifti/derivatives/preproc_FCProc-24.1.1/sub-INET034/ses-4/func/,resting,3
INET034,4,/Volumes/illinois-las-psych-gratton/iNetworks/Nifti/derivatives/preproc_FCProc-24.1.1/sub-INET034/ses-4/func/,resting,4
INET034,4,/Volumes/illinois-las-psych-gratton/iNetworks/Nifti/derivatives/preproc_FCProc-24.1.1/sub-INET034/ses-4/func/,resting,7
INET036,1,/Volumes/illinois-las-psych-gratton/iNetworks/Nifti/derivatives/preproc_FCProc-24.1.1/sub-INET036/ses-1/func/,resting,5
INET036,3,/Volumes/illinois-las-psych-gratton/iNetworks/Nifti/derivatives/preproc_FCProc-24.1.1/sub-INET036/ses-3/func/,resting,4
INET036,4,/Volumes/illinois-las-psych-gratton/iNetworks/Nifti/derivatives/preproc_FCProc-24.1.1/sub-INET036/ses-4/func/,resting,1
INET036,4,/Volumes/illinois-las-psych-gratton/iNetworks/Nifti/derivatives/preproc_FCProc-24.1.1/sub-INET036/ses-4/func/,resting,2
INET036,4,/Volumes/illinois-las-psych-gratton/iNetworks/Nifti/derivatives/preproc_FCProc-24.1.1/sub-INET036/ses-4/func/,resting,3
INET036,4,/Volumes/illinois-las-psych-gratton/iNetworks/Nifti/derivatives/preproc_FCProc-24.1.1/sub-INET036/ses-4/func/,resting,4
INET040,1,/Volumes/illinois-las-psych-gratton/iNetworks/Nifti/derivatives/preproc_FCProc-24.1.1/sub-INET040/ses-1/func/,resting,3
INET040,1,/Volumes/illinois-las-psych-gratton/iNetworks/Nifti/derivatives/preproc_FCProc-24.1.1/sub-INET040/ses-1/func/,resting,7
INET041,1,/Volumes/illinois-las-psych-gratton/iNetworks/Nifti/derivatives/preproc_FCProc-24.1.1/sub-INET041/ses-1/func/,resting,2
INET041,1,/Volumes/illinois-las-psych-gratton/iNetworks/Nifti/derivatives/preproc_FCProc-24.1.1/sub-INET041/ses-1/func/,resting,3
INET041,2,/Volumes/illinois-las-psych-gratton/iNetworks/Nifti/derivatives/preproc_FCProc-24.1.1/sub-INET041/ses-2/func/,resting,2
INET041,2,/Volumes/illinois-las-psych-gratton/iNetworks/Nifti/derivatives/preproc_FCProc-24.1.1/sub-INET041/ses-2/func/,resting,4
INET041,3,/Volumes/illinois-las-psych-gratton/iNetworks/Nifti/derivatives/preproc_FCProc-24.1.1/sub-INET041/ses-3/func/,resting,4
INET041,3,/Volumes/illinois-las-psych-gratton/iNetworks/Nifti/derivatives/preproc_FCProc-24.1.1/sub-INET041/ses-3/func/,resting,5
INET041,3,/Volumes/illinois-las-psych-gratton/iNetworks/Nifti/derivatives/preproc_FCProc-24.1.1/sub-INET041/ses-3/func/,resting,6
INET041,4,/Volumes/illinois-las-psych-gratton/iNetworks/Nifti/derivatives/preproc_FCProc-24.1.1/sub-INET041/ses-4/func/,resting,5
INET042,2,/Volumes/illinois-las-psych-gratton/iNetworks/Nifti/derivatives/preproc_FCProc-24.1.1/sub-INET042/ses-2/func/,resting,5
INET044,3,/Volumes/illinois-las-psych-gratton/iNetworks/Nifti/derivatives/preproc_FCProc-24.1.1/sub-INET044/ses-3/func/,resting,5
INET046,1,/Volumes/illinois-las-psych-gratton/iNetworks/Nifti/derivatives/preproc_FCProc-24.1.1/sub-INET046/ses-1/func/,resting,3
INET046,1,/Volumes/illinois-las-psych-gratton/iNetworks/Nifti/derivatives/preproc_FCProc-24.1.1/sub-INET046/ses-1/func/,resting,5
INET046,2,/Volumes/illinois-las-psych-gratton/iNetworks/Nifti/derivatives/preproc_FCProc-24.1.1/sub-INET046/ses-2/func/,resting,3
INET046,4,/Volumes/illinois-las-psych-gratton/iNetworks/Nifti/derivatives/preproc_FCProc-24.1.1/sub-INET046/ses-4/func/,resting,3
INET046,4,/Volumes/illinois-las-psych-gratton/iNetworks/Nifti/derivatives/preproc_FCProc-24.1.1/sub-INET046/ses-4/func/,resting,4
INET046,4,/Volumes/illinois-las-psych-gratton/iNetworks/Nifti/derivatives/preproc_FCProc-24.1.1/sub-INET046/ses-4/func/,resting,6
INET048,1,/Volumes/illinois-las-psych-gratton/iNetworks/Nifti/derivatives/preproc_FCProc-24.1.1/sub-INET048/ses-1/func/,resting,3
INET048,2,/Volumes/illinois-las-psych-gratton/iNetworks/Nifti/derivatives/preproc_FCProc-24.1.1/sub-INET048/ses-2/func/,resting,3
INET048,3,/Volumes/illinois-las-psych-gratton/iNetworks/Nifti/derivatives/preproc_FCProc-24.1.1/sub-INET048/ses-3/func/,resting,3
INET049,1,/Volumes/illinois-las-psych-gratton/iNetworks/Nifti/derivatives/preproc_FCProc-24.1.1/sub-INET049/ses-1/func/,resting,3
INET049,3,/Volumes/illinois-las-psych-gratton/iNetworks/Nifti/derivatives/preproc_FCProc-24.1.1/sub-INET049/ses-3/func/,resting,4
INET049,3,/Volumes/illinois-las-psych-gratton/iNetworks/Nifti/derivatives/preproc_FCProc-24.1.1/sub-INET049/ses-3/func/,resting,7
INET050,3,/Volumes/illinois-las-psych-gratton/iNetworks/Nifti/derivatives/preproc_FCProc-24.1.1/sub-INET050/ses-3/func/,resting,5
INET052,2,/Volumes/illinois-las-psych-gratton/iNetworks/Nifti/derivatives/preproc_FCProc-24.1.1/sub-INET052/ses-2/func/,resting,1
INET052,2,/Volumes/illinois-las-psych-gratton/iNetworks/Nifti/derivatives/preproc_FCProc-24.1.1/sub-INET052/ses-2/func/,resting,6
INET052,2,/Volumes/illinois-las-psych-gratton/iNetworks/Nifti/derivatives/preproc_FCProc-24.1.1/sub-INET052/ses-2/func/,resting,7
INET058,1,/Volumes/illinois-las-psych-gratton/iNetworks/Nifti/derivatives/preproc_FCProc-24.1.1/sub-INET058/ses-1/func/,resting,4
INET058,2,/Volumes/illinois-las-psych-gratton/iNetworks/Nifti/derivatives/preproc_FCProc-24.1.1/sub-INET058/ses-2/func/,resting,4
INET058,2,/Volumes/illinois-las-psych-gratton/iNetworks/Nifti/derivatives/preproc_FCProc-24.1.1/sub-INET058/ses-2/func/,resting,5
INET058,2,/Volumes/illinois-las-psych-gratton/iNetworks/Nifti/derivatives/preproc_FCProc-24.1.1/sub-INET058/ses-2/func/,resting,6
INET058,2,/Volumes/illinois-las-psych-gratton/iNetworks/Nifti/derivatives/preproc_FCProc-24.1.1/sub-INET058/ses-2/func/,resting,7
INET059,1,/Volumes/illinois-las-psych-gratton/iNetworks/Nifti/derivatives/preproc_FCProc-24.1.1/sub-INET059/ses-1/func/,resting,3
INET059,2,/Volumes/illinois-las-psych-gratton/iNetworks/Nifti/derivatives/preproc_FCProc-24.1.1/sub-INET059/ses-2/func/,resting,1
INET059,2,/Volumes/illinois-las-psych-gratton/iNetworks/Nifti/derivatives/preproc_FCProc-24.1.1/sub-INET059/ses-2/func/,resting,2
INET059,2,/Volumes/illinois-las-psych-gratton/iNetworks/Nifti/derivatives/preproc_FCProc-24.1.1/sub-INET059/ses-2/func/,resting,3
INET059,3,/Volumes/illinois-las-psych-gratton/iNetworks/Nifti/derivatives/preproc_FCProc-24.1.1/sub-INET059/ses-3/func/,resting,3
INET059,3,/Volumes/illinois-las-psych-gratton/iNetworks/Nifti/derivatives/preproc_FCProc-24.1.1/sub-INET059/ses-3/func/,resting,5
INET059,4,/Volumes/illinois-las-psych-gratton/iNetworks/Nifti/derivatives/preproc_FCProc-24.1.1/sub-INET059/ses-4/func/,resting,4
INET059,4,/Volumes/illinois-las-psych-gratton/iNetworks/Nifti/derivatives/preproc_FCProc-24.1.1/sub-INET059/ses-4/func/,resting,5
INET059,4,/Volumes/illinois-las-psych-gratton/iNetworks/Nifti/derivatives/preproc_FCProc-24.1.1/sub-INET059/ses-4/func/,resting,6
INET059,4,/Volumes/illinois-las-psych-gratton/iNetworks/Nifti/derivatives/preproc_FCProc-24.1.1/sub-INET059/ses-4/func/,resting,7
INET060,2,/Volumes/illinois-las-psych-gratton/iNetworks/Nifti/derivatives/preproc_FCProc-24.1.1/sub-INET060/ses-2/func/,resting,6
INET061,1,/Volumes/illinois-las-psych-gratton/iNetworks/Nifti/derivatives/preproc_FCProc-24.1.1/sub-INET061/ses-1/func/,resting,2
INET061,1,/Volumes/illinois-las-psych-gratton/iNetworks/Nifti/derivatives/preproc_FCProc-24.1.1/sub-INET061/ses-1/func/,resting,3
INET061,1,/Volumes/illinois-las-psych-gratton/iNetworks/Nifti/derivatives/preproc_FCProc-24.1.1/sub-INET061/ses-1/func/,resting,5
INET061,2,/Volumes/illinois-las-psych-gratton/iNetworks/Nifti/derivatives/preproc_FCProc-24.1.1/sub-INET061/ses-2/func/,resting,2
INET061,4,/Volumes/illinois-las-psych-gratton/iNetworks/Nifti/derivatives/preproc_FCProc-24.1.1/sub-INET061/ses-4/func/,resting,2
INET061,4,/Volumes/illinois-las-psych-gratton/iNetworks/Nifti/derivatives/preproc_FCProc-24.1.1/sub-INET061/ses-4/func/,resting,3
INET062,2,/Volumes/illinois-las-psych-gratton/iNetworks/Nifti/derivatives/preproc_FCProc-24.1.1/sub-INET062/ses-2/func/,resting,5
INET062,2,/Volumes/illinois-las-psych-gratton/iNetworks/Nifti/derivatives/preproc_FCProc-24.1.1/sub-INET062/ses-2/func/,resting,6
INET062,2,/Volumes/illinois-las-psych-gratton/iNetworks/Nifti/derivatives/preproc_FCProc-24.1.1/sub-INET062/ses-2/func/,resting,7
INET063,3,/Volumes/illinois-las-psych-gratton/iNetworks/Nifti/derivatives/preproc_FCProc-24.1.1/sub-INET063/ses-3/func/,resting,4
INET063,3,/Volumes/illinois-las-psych-gratton/iNetworks/Nifti/derivatives/preproc_FCProc-24.1.1/sub-INET063/ses-3/func/,resting,7
INET063,3,/Volumes/illinois-las-psych-gratton/iNetworks/Nifti/derivatives/preproc_FCProc-24.1.1/sub-INET063/ses-3/func/,resting,8
INET065,1,/Volumes/illinois-las-psych-gratton/iNetworks/Nifti/derivatives/preproc_FCProc-24.1.1/sub-INET065/ses-1/func/,resting,2
INET065,1,/Volumes/illinois-las-psych-gratton/iNetworks/Nifti/derivatives/preproc_FCProc-24.1.1/sub-INET065/ses-1/func/,resting,6
INET065,3,/Volumes/illinois-las-psych-gratton/iNetworks/Nifti/derivatives/preproc_FCProc-24.1.1/sub-INET065/ses-3/func/,resting,4
INET065,3,/Volumes/illinois-las-psych-gratton/iNetworks/Nifti/derivatives/preproc_FCProc-24.1.1/sub-INET065/ses-3/func/,resting,5
INET065,4,/Volumes/illinois-las-psych-gratton/iNetworks/Nifti/derivatives/preproc_FCProc-24.1.1/sub-INET065/ses-4/func/,resting,4
INET067,3,/Volumes/illinois-las-psych-gratton/iNetworks/Nifti/derivatives/preproc_FCProc-24.1.1/sub-INET067/ses-3/func/,resting,3
INET067,3,/Volumes/illinois-las-psych-gratton/iNetworks/Nifti/derivatives/preproc_FCProc-24.1.1/sub-INET067/ses-3/func/,resting,5
INET067,3,/Volumes/illinois-las-psych-gratton/iNetworks/Nifti/derivatives/preproc_FCProc-24.1.1/sub-INET067/ses-3/func/,resting,6
INET068,1,/Volumes/illinois-las-psych-gratton/iNetworks/Nifti/derivatives/preproc_FCProc-24.1.1/sub-INET068/ses-1/func/,resting,4
INET068,4,/Volumes/illinois-las-psych-gratton/iNetworks/Nifti/derivatives/preproc_FCProc-24.1.1/sub-INET068/ses-4/func/,resting,3
INET069,1,/Volumes/illinois-las-psych-gratton/iNetworks/Nifti/derivatives/preproc_FCProc-24.1.1/sub-INET069/ses-1/func/,resting,2
INET069,1,/Volumes/illinois-las-psych-gratton/iNetworks/Nifti/derivatives/preproc_FCProc-24.1.1/sub-INET069/ses-1/func/,resting,6
INET069,1,/Volumes/illinois-las-psych-gratton/iNetworks/Nifti/derivatives/preproc_FCProc-24.1.1/sub-INET069/ses-1/func/,resting,8
INET069,2,/Volumes/illinois-las-psych-gratton/iNetworks/Nifti/derivatives/preproc_FCProc-24.1.1/sub-INET069/ses-2/func/,resting,3
INET069,2,/Volumes/illinois-las-psych-gratton/iNetworks/Nifti/derivatives/preproc_FCProc-24.1.1/sub-INET069/ses-2/func/,resting,5
INET069,3,/Volumes/illinois-las-psych-gratton/iNetworks/Nifti/derivatives/preproc_FCProc-24.1.1/sub-INET069/ses-3/func/,resting,1
INET069,3,/Volumes/illinois-las-psych-gratton/iNetworks/Nifti/derivatives/preproc_FCProc-24.1.1/sub-INET069/ses-3/func/,resting,2
INET069,3,/Volumes/illinois-las-psych-gratton/iNetworks/Nifti/derivatives/preproc_FCProc-24.1.1/sub-INET069/ses-3/func/,resting,5
INET069,3,/Volumes/illinois-las-psych-gratton/iNetworks/Nifti/derivatives/preproc_FCProc-24.1.1/sub-INET069/ses-3/func/,resting,7
INET069,4,/Volumes/illinois-las-psych-gratton/iNetworks/Nifti/derivatives/preproc_FCProc-24.1.1/sub-INET069/ses-4/func/,resting,4
INET069,4,/Volumes/illinois-las-psych-gratton/iNetworks/Nifti/derivatives/preproc_FCProc-24.1.1/sub-INET069/ses-4/func/,resting,6
INET071,1,/Volumes/illinois-las-psych-gratton/iNetworks/Nifti/derivatives/preproc_FCProc-24.1.1/sub-INET071/ses-1/func/,resting,1
INET071,1,/Volumes/illinois-las-psych-gratton/iNetworks/Nifti/derivatives/preproc_FCProc-24.1.1/sub-INET071/ses-1/func/,resting,4
INET071,1,/Volumes/illinois-las-psych-gratton/iNetworks/Nifti/derivatives/preproc_FCProc-24.1.1/sub-INET071/ses-1/func/,resting,7
INET071,2,/Volumes/illinois-las-psych-gratton/iNetworks/Nifti/derivatives/preproc_FCProc-24.1.1/sub-INET071/ses-2/func/,resting,5
INET071,2,/Volumes/illinois-las-psych-gratton/iNetworks/Nifti/derivatives/preproc_FCProc-24.1.1/sub-INET071/ses-2/func/,resting,6
INET071,2,/Volumes/illinois-las-psych-gratton/iNetworks/Nifti/derivatives/preproc_FCProc-24.1.1/sub-INET071/ses-2/func/,resting,7
INET071,3,/Volumes/illinois-las-psych-gratton/iNetworks/Nifti/derivatives/preproc_FCProc-24.1.1/sub-INET071/ses-3/func/,resting,2
INET071,3,/Volumes/illinois-las-psych-gratton/iNetworks/Nifti/derivatives/preproc_FCProc-24.1.1/sub-INET071/ses-3/func/,resting,6
INET071,3,/Volumes/illinois-las-psych-gratton/iNetworks/Nifti/derivatives/preproc_FCProc-24.1.1/sub-INET071/ses-3/func/,resting,7
INET071,3,/Volumes/illinois-las-psych-gratton/iNetworks/Nifti/derivatives/preproc_FCProc-24.1.1/sub-INET071/ses-3/func/,resting,8
INET071,4,/Volumes/illinois-las-psych-gratton/iNetworks/Nifti/derivatives/preproc_FCProc-24.1.1/sub-INET071/ses-4/func/,resting,5
INET071,4,/Volumes/illinois-las-psych-gratton/iNetworks/Nifti/derivatives/preproc_FCProc-24.1.1/sub-INET071/ses-4/func/,resting,8
INET072,1,/Volumes/illinois-las-psych-gratton/iNetworks/Nifti/derivatives/preproc_FCProc-24.1.1/sub-INET072/ses-1/func/,resting,6
INET072,1,/Volumes/illinois-las-psych-gratton/iNetworks/Nifti/derivatives/preproc_FCProc-24.1.1/sub-INET072/ses-1/func/,resting,7
INET072,2,/Volumes/illinois-las-psych-gratton/iNetworks/Nifti/derivatives/preproc_FCProc-24.1.1/sub-INET072/ses-2/func/,resting,3
INET072,3,/Volumes/illinois-las-psych-gratton/iNetworks/Nifti/derivatives/preproc_FCProc-24.1.1/sub-INET072/ses-3/func/,resting,4
INET072,4,/Volumes/illinois-las-psych-gratton/iNetworks/Nifti/derivatives/preproc_FCProc-24.1.1/sub-INET072/ses-4/func/,resting,3
INET073,2,/Volumes/illinois-las-psych-gratton/iNetworks/Nifti/derivatives/preproc_FCProc-24.1.1/sub-INET073/ses-2/func/,resting,7
INET074,1,/Volumes/illinois-las-psych-gratton/iNetworks/Nifti/derivatives/preproc_FCProc-24.1.1/sub-INET074/ses-1/func/,resting,3
INET074,1,/Volumes/illinois-las-psych-gratton/iNetworks/Nifti/derivatives/preproc_FCProc-24.1.1/sub-INET074/ses-1/func/,resting,4
INET074,3,/Volumes/illinois-las-psych-gratton/iNetworks/Nifti/derivatives/preproc_FCProc-24.1.1/sub-INET074/ses-3/func/,resting,1
INET074,3,/Volumes/illinois-las-psych-gratton/iNetworks/Nifti/derivatives/preproc_FCProc-24.1.1/sub-INET074/ses-3/func/,resting,2
INET074,4,/Volumes/illinois-las-psych-gratton/iNetworks/Nifti/derivatives/preproc_FCProc-24.1.1/sub-INET074/ses-4/func/,resting,4
INET077,1,/Volumes/illinois-las-psych-gratton/iNetworks/Nifti/derivatives/preproc_FCProc-24.1.1/sub-INET077/ses-1/func/,resting,2
INET077,1,/Volumes/illinois-las-psych-gratton/iNetworks/Nifti/derivatives/preproc_FCProc-24.1.1/sub-INET077/ses-1/func/,resting,3
INET077,1,/Volumes/illinois-las-psych-gratton/iNetworks/Nifti/derivatives/preproc_FCProc-24.1.1/sub-INET077/ses-1/func/,resting,6
INET077,1,/Volumes/illinois-las-psych-gratton/iNetworks/Nifti/derivatives/preproc_FCProc-24.1.1/sub-INET077/ses-1/func/,resting,7
INET077,2,/Volumes/illinois-las-psych-gratton/iNetworks/Nifti/derivatives/preproc_FCProc-24.1.1/sub-INET077/ses-2/func/,resting,5
INET077,3,/Volumes/illinois-las-psych-gratton/iNetworks/Nifti/derivatives/preproc_FCProc-24.1.1/sub-INET077/ses-3/func/,resting,2
INET078,4,/Volumes/illinois-las-psych-gratton/iNetworks/Nifti/derivatives/preproc_FCProc-24.1.1/sub-INET078/ses-4/func/,resting,3
INET080,2,/Volumes/illinois-las-psych-gratton/iNetworks/Nifti/derivatives/preproc_FCProc-24.1.1/sub-INET080/ses-2/func/,resting,4
INET080,2,/Volumes/illinois-las-psych-gratton/iNetworks/Nifti/derivatives/preproc_FCProc-24.1.1/sub-INET080/ses-2/func/,resting,6
INET080,2,/Volumes/illinois-las-psych-gratton/iNetworks/Nifti/derivatives/preproc_FCProc-24.1.1/sub-INET080/ses-2/func/,resting,7
INET080,3,/Volumes/illinois-las-psych-gratton/iNetworks/Nifti/derivatives/preproc_FCProc-24.1.1/sub-INET080/ses-3/func/,resting,2
INET080,3,/Volumes/illinois-las-psych-gratton/iNetworks/Nifti/derivatives/preproc_FCProc-24.1.1/sub-INET080/ses-3/func/,resting,3
INET080,3,/Volumes/illinois-las-psych-gratton/iNetworks/Nifti/derivatives/preproc_FCProc-24.1.1/sub-INET080/ses-3/func/,resting,4
INET080,4,/Volumes/illinois-las-psych-gratton/iNetworks/Nifti/derivatives/preproc_FCProc-24.1.1/sub-INET080/ses-4/func/,resting,5
INET083,1,/Volumes/illinois-las-psych-gratton/iNetworks/Nifti/derivatives/preproc_FCProc-24.1.1/sub-INET083/ses-1/func/,resting,2
INET083,2,/Volumes/illinois-las-psych-gratton/iNetworks/Nifti/derivatives/preproc_FCProc-24.1.1/sub-INET083/ses-2/func/,resting,3
INET083,2,/Volumes/illinois-las-psych-gratton/iNetworks/Nifti/derivatives/preproc_FCProc-24.1.1/sub-INET083/ses-2/func/,resting,4
INET083,2,/Volumes/illinois-las-psych-gratton/iNetworks/Nifti/derivatives/preproc_FCProc-24.1.1/sub-INET083/ses-2/func/,resting,5
INET083,4,/Volumes/illinois-las-psych-gratton/iNetworks/Nifti/derivatives/preproc_FCProc-24.1.1/sub-INET083/ses-4/func/,resting,6
INET083,4,/Volumes/illinois-las-psych-gratton/iNetworks/Nifti/derivatives/preproc_FCProc-24.1.1/sub-INET083/ses-4/func/,resting,7
INET083,4,/Volumes/illinois-las-psych-gratton/iNetworks/Nifti/derivatives/preproc_FCProc-24.1.1/sub-INET083/ses-4/func/,resting,8
INET084,1,/Volumes/illinois-las-psych-gratton/iNetworks/Nifti/derivatives/preproc_FCProc-24.1.1/sub-INET084/ses-1/func/,resting,4
INET084,2,/Volumes/illinois-las-psych-gratton/iNetworks/Nifti/derivatives/preproc_FCProc-24.1.1/sub-INET084/ses-2/func/,resting,6
INET084,3,/Volumes/illinois-las-psych-gratton/iNetworks/Nifti/derivatives/preproc_FCProc-24.1.1/sub-INET084/ses-3/func/,resting,5
INET084,4,/Volumes/illinois-las-psych-gratton/iNetworks/Nifti/derivatives/preproc_FCProc-24.1.1/sub-INET084/ses-4/func/,resting,5
INET084,4,/Volumes/illinois-las-psych-gratton/iNetworks/Nifti/derivatives/preproc_FCProc-24.1.1/sub-INET084/ses-4/func/,resting,6
INET085,1,/Volumes/illinois-las-psych-gratton/iNetworks/Nifti/derivatives/preproc_FCProc-24.1.1/sub-INET085/ses-1/func/,resting,3
INET085,2,/Volumes/illinois-las-psych-gratton/iNetworks/Nifti/derivatives/preproc_FCProc-24.1.1/sub-INET085/ses-2/func/,resting,2
INET087,1,/Volumes/illinois-las-psych-gratton/iNetworks/Nifti/derivatives/preproc_FCProc-24.1.1/sub-INET087/ses-1/func/,resting,1
INET087,2,/Volumes/illinois-las-psych-gratton/iNetworks/Nifti/derivatives/preproc_FCProc-24.1.1/sub-INET087/ses-2/func/,resting,4
INET087,2,/Volumes/illinois-las-psych-gratton/iNetworks/Nifti/derivatives/preproc_FCProc-24.1.1/sub-INET087/ses-2/func/,resting,5
INET087,3,/Volumes/illinois-las-psych-gratton/iNetworks/Nifti/derivatives/preproc_FCProc-24.1.1/sub-INET087/ses-3/func/,resting,1
INET087,3,/Volumes/illinois-las-psych-gratton/iNetworks/Nifti/derivatives/preproc_FCProc-24.1.1/sub-INET087/ses-3/func/,resting,2
INET087,4,/Volumes/illinois-las-psych-gratton/iNetworks/Nifti/derivatives/preproc_FCProc-24.1.1/sub-INET087/ses-4/func/,resting,1
INET087,4,/Volumes/illinois-las-psych-gratton/iNetworks/Nifti/derivatives/preproc_FCProc-24.1.1/sub-INET087/ses-4/func/,resting,4
INET087,4,/Volumes/illinois-las-psych-gratton/iNetworks/Nifti/derivatives/preproc_FCProc-24.1.1/sub-INET087/ses-4/func/,resting,6
INET087,4,/Volumes/illinois-las-psych-gratton/iNetworks/Nifti/derivatives/preproc_FCProc-24.1.1/sub-INET087/ses-4/func/,resting,7
INET088,3,/Volumes/illinois-las-psych-gratton/iNetworks/Nifti/derivatives/preproc_FCProc-24.1.1/sub-INET088/ses-3/func/,resting,4
INET088,4,/Volumes/illinois-las-psych-gratton/iNetworks/Nifti/derivatives/preproc_FCProc-24.1.1/sub-INET088/ses-4/func/,resting,3
INET091,1,/Volumes/illinois-las-psych-gratton/iNetworks/Nifti/derivatives/preproc_FCProc-24.1.1/sub-INET091/ses-1/func/,resting,4
INET091,3,/Volumes/illinois-las-psych-gratton/iNetworks/Nifti/derivatives/preproc_FCProc-24.1.1/sub-INET091/ses-3/func/,resting,7
INET091,4,/Volumes/illinois-las-psych-gratton/iNetworks/Nifti/derivatives/preproc_FCProc-24.1.1/sub-INET091/ses-4/func/,resting,6
INET093,2,/Volumes/illinois-las-psych-gratton/iNetworks/Nifti/derivatives/preproc_FCProc-24.1.1/sub-INET093/ses-2/func/,resting,8
INET093,3,/Volumes/illinois-las-psych-gratton/iNetworks/Nifti/derivatives/preproc_FCProc-24.1.1/sub-INET093/ses-3/func/,resting,4
INET094,2,/Volumes/illinois-las-psych-gratton/iNetworks/Nifti/derivatives/preproc_FCProc-24.1.1/sub-INET094/ses-2/func/,resting,4
INET094,3,/Volumes/illinois-las-psych-gratton/iNetworks/Nifti/derivatives/preproc_FCProc-24.1.1/sub-INET094/ses-3/func/,resting,3
INET094,4,/Volumes/illinois-las-psych-gratton/iNetworks/Nifti/derivatives/preproc_FCProc-24.1.1/sub-INET094/ses-4/func/,resting,3
INET099,2,/Volumes/illinois-las-psych-gratton/iNetworks/Nifti/derivatives/preproc_FCProc-24.1.1/sub-INET099/ses-2/func/,resting,2
INET099,2,/Volumes/illinois-las-psych-gratton/iNetworks/Nifti/derivatives/preproc_FCProc-24.1.1/sub-INET099/ses-2/func/,resting,5
INET101,2,/Volumes/illinois-las-psych-gratton/iNetworks/Nifti/derivatives/preproc_FCProc-24.1.1/sub-INET101/ses-2/func/,resting,3
INET101,2,/Volumes/illinois-las-psych-gratton/iNetworks/Nifti/derivatives/preproc_FCProc-24.1.1/sub-INET101/ses-2/func/,resting,6
INET101,2,/Volumes/illinois-las-psych-gratton/iNetworks/Nifti/derivatives/preproc_FCProc-24.1.1/sub-INET101/ses-2/func/,resting,7
INET104,4,/Volumes/illinois-las-psych-gratton/iNetworks/Nifti/derivatives/preproc_FCProc-24.1.1/sub-INET104/ses-4/func/,resting,3
INET104,4,/Volumes/illinois-las-psych-gratton/iNetworks/Nifti/derivatives/preproc_FCProc-24.1.1/sub-INET104/ses-4/func/,resting,4
INET106,2,/Volumes/illinois-las-psych-gratton/iNetworks/Nifti/derivatives/preproc_FCProc-24.1.1/sub-INET106/ses-2/func/,resting,8
INET107,4,/Volumes/illinois-las-psych-gratton/iNetworks/Nifti/derivatives/preproc_FCProc-24.1.1/sub-INET107/ses-4/func/,resting,3
INET109,4,/Volumes/illinois-las-psych-gratton/iNetworks/Nifti/derivatives/preproc_FCProc-24.1.1/sub-INET109/ses-4/func/,resting,3
INET111,1,/Volumes/illinois-las-psych-gratton/iNetworks/Nifti/derivatives/preproc_FCProc-24.1.1/sub-INET111/ses-1/func/,resting,4
INET111,1,/Volumes/illinois-las-psych-gratton/iNetworks/Nifti/derivatives/preproc_FCProc-24.1.1/sub-INET111/ses-1/func/,resting,5
INET111,1,/Volumes/illinois-las-psych-gratton/iNetworks/Nifti/derivatives/preproc_FCProc-24.1.1/sub-INET111/ses-1/func/,resting,7
INET111,2,/Volumes/illinois-las-psych-gratton/iNetworks/Nifti/derivatives/preproc_FCProc-24.1.1/sub-INET111/ses-2/func/,resting,4
INET111,2,/Volumes/illinois-las-psych-gratton/iNetworks/Nifti/derivatives/preproc_FCProc-24.1.1/sub-INET111/ses-2/func/,resting,6
INET111,2,/Volumes/illinois-las-psych-gratton/iNetworks/Nifti/derivatives/preproc_FCProc-24.1.1/sub-INET111/ses-2/func/,resting,7
INET111,2,/Volumes/illinois-las-psych-gratton/iNetworks/Nifti/derivatives/preproc_FCProc-24.1.1/sub-INET111/ses-2/func/,resting,8
INET111,3,/Volumes/illinois-las-psych-gratton/iNetworks/Nifti/derivatives/preproc_FCProc-24.1.1/sub-INET111/ses-3/func/,resting,4
INET111,3,/Volumes/illinois-las-psych-gratton/iNetworks/Nifti/derivatives/preproc_FCProc-24.1.1/sub-INET111/ses-3/func/,resting,5
INET111,3,/Volumes/illinois-las-psych-gratton/iNetworks/Nifti/derivatives/preproc_FCProc-24.1.1/sub-INET111/ses-3/func/,resting,7
INET111,4,/Volumes/illinois-las-psych-gratton/iNetworks/Nifti/derivatives/preproc_FCProc-24.1.1/sub-INET111/ses-4/func/,resting,2
INET111,4,/Volumes/illinois-las-psych-gratton/iNetworks/Nifti/derivatives/preproc_FCProc-24.1.1/sub-INET111/ses-4/func/,resting,6
INET111,4,/Volumes/illinois-las-psych-gratton/iNetworks/Nifti/derivatives/preproc_FCProc-24.1.1/sub-INET111/ses-4/func/,resting,7
INET114,2,/Volumes/illinois-las-psych-gratton/iNetworks/Nifti/derivatives/preproc_FCProc-24.1.1/sub-INET114/ses-2/func/,resting,2
INET114,2,/Volumes/illinois-las-psych-gratton/iNetworks/Nifti/derivatives/preproc_FCProc-24.1.1/sub-INET114/ses-2/func/,resting,4
INET115,2,/Volumes/illinois-las-psych-gratton/iNetworks/Nifti/derivatives/preproc_FCProc-24.1.1/sub-INET115/ses-2/func/,resting,5
INET115,3,/Volumes/illinois-las-psych-gratton/iNetworks/Nifti/derivatives/preproc_FCProc-24.1.1/sub-INET115/ses-3/func/,resting,2
INET115,3,/Volumes/illinois-las-psych-gratton/iNetworks/Nifti/derivatives/preproc_FCProc-24.1.1/sub-INET115/ses-3/func/,resting,3
INET116,1,/Volumes/illinois-las-psych-gratton/iNetworks/Nifti/derivatives/preproc_FCProc-24.1.1/sub-INET116/ses-1/func/,resting,5
INET116,3,/Volumes/illinois-las-psych-gratton/iNetworks/Nifti/derivatives/preproc_FCProc-24.1.1/sub-INET116/ses-3/func/,resting,3
INET116,3,/Volumes/illinois-las-psych-gratton/iNetworks/Nifti/derivatives/preproc_FCProc-24.1.1/sub-INET116/ses-3/func/,resting,6
INET116,4,/Volumes/illinois-las-psych-gratton/iNetworks/Nifti/derivatives/preproc_FCProc-24.1.1/sub-INET116/ses-4/func/,resting,2
INET116,4,/Volumes/illinois-las-psych-gratton/iNetworks/Nifti/derivatives/preproc_FCProc-24.1.1/sub-INET116/ses-4/func/,resting,8
INET120,1,/Volumes/illinois-las-psych-gratton/iNetworks/Nifti/derivatives/preproc_FCProc-24.1.1/sub-INET120/ses-1/func/,resting,4
INET120,1,/Volumes/illinois-las-psych-gratton/iNetworks/Nifti/derivatives/preproc_FCProc-24.1.1/sub-INET120/ses-1/func/,resting,5
INET120,2,/Volumes/illinois-las-psych-gratton/iNetworks/Nifti/derivatives/preproc_FCProc-24.1.1/sub-INET120/ses-2/func/,resting,6
INET131,2,/Volumes/illinois-las-psych-gratton/iNetworks/Nifti/derivatives/preproc_FCProc-24.1.1/sub-INET131/ses-2/func/,resting,4
INET131,2,/Volumes/illinois-las-psych-gratton/iNetworks/Nifti/derivatives/preproc_FCProc-24.1.1/sub-INET131/ses-2/func/,resting,5
INET131,3,/Volumes/illinois-las-psych-gratton/iNetworks/Nifti/derivatives/preproc_FCProc-24.1.1/sub-INET131/ses-3/func/,resting,2
INET133,2,/Volumes/illinois-las-psych-gratton/iNetworks/Nifti/derivatives/preproc_FCProc-24.1.1/sub-INET133/ses-2/func/,resting,4
INET133,3,/Volumes/illinois-las-psych-gratton/iNetworks/Nifti/derivatives/preproc_FCProc-24.1.1/sub-INET133/ses-3/func/,resting,6
INET133,3,/Volumes/illinois-las-psych-gratton/iNetworks/Nifti/derivatives/preproc_FCProc-24.1.1/sub-INET133/ses-3/func/,resting,7
INET140,1,/Volumes/illinois-las-psych-gratton/iNetworks/Nifti/derivatives/preproc_FCProc-24.1.1/sub-INET140/ses-1/func/,resting,1
INET140,1,/Volumes/illinois-las-psych-gratton/iNetworks/Nifti/derivatives/preproc_FCProc-24.1.1/sub-INET140/ses-1/func/,resting,2
INET140,1,/Volumes/illinois-las-psych-gratton/iNetworks/Nifti/derivatives/preproc_FCProc-24.1.1/sub-INET140/ses-1/func/,resting,6
INET140,2,/Volumes/illinois-las-psych-gratton/iNetworks/Nifti/derivatives/preproc_FCProc-24.1.1/sub-INET140/ses-2/func/,resting,2
INET140,3,/Volumes/illinois-las-psych-gratton/iNetworks/Nifti/derivatives/preproc_FCProc-24.1.1/sub-INET140/ses-3/func/,resting,3
INET140,4,/Volumes/illinois-las-psych-gratton/iNetworks/Nifti/derivatives/preproc_FCProc-24.1.1/sub-INET140/ses-4/func/,resting,4
INET140,4,/Volumes/illinois-las-psych-gratton/iNetworks/Nifti/derivatives/preproc_FCProc-24.1.1/sub-INET140/ses-4/func/,resting,6
INET143,1,/Volumes/illinois-las-psych-gratton/iNetworks/Nifti/derivatives/preproc_FCProc-24.1.1/sub-INET143/ses-1/func/,resting,7
INET143,3,/Volumes/illinois-las-psych-gratton/iNetworks/Nifti/derivatives/preproc_FCProc-24.1.1/sub-INET143/ses-3/func/,resting,3
INET156,1,/Volumes/illinois-las-psych-gratton/iNetworks/Nifti/derivatives/preproc_FCProc-24.1.1/sub-INET156/ses-1/func/,resting,4
INET156,1,/Volumes/illinois-las-psych-gratton/iNetworks/Nifti/derivatives/preproc_FCProc-24.1.1/sub-INET156/ses-1/func/,resting,5
INET156,1,/Volumes/illinois-las-psych-gratton/iNetworks/Nifti/derivatives/preproc_FCProc-24.1.1/sub-INET156/ses-1/func/,resting,6
INET158,1,/Volumes/illinois-las-psych-gratton/iNetworks/Nifti/derivatives/preproc_FCProc-24.1.1/sub-INET158/ses-1/func/,resting,4
INET158,2,/Volumes/illinois-las-psych-gratton/iNetworks/Nifti/derivatives/preproc_FCProc-24.1.1/sub-INET158/ses-2/func/,resting,3
INET158,2,/Volumes/illinois-las-psych-gratton/iNetworks/Nifti/derivatives/preproc_FCProc-24.1.1/sub-INET158/ses-2/func/,resting,4
INET158,4,/Volumes/illinois-las-psych-gratton/iNetworks/Nifti/derivatives/preproc_FCProc-24.1.1/sub-INET158/ses-4/func/,resting,1
INET158,4,/Volumes/illinois-las-psych-gratton/iNetworks/Nifti/derivatives/preproc_FCProc-24.1.1/sub-INET158/ses-4/func/,resting,5
INET160,1,/Volumes/illinois-las-psych-gratton/iNetworks/Nifti/derivatives/preproc_FCProc-24.1.1/sub-INET160/ses-1/func/,resting,2
INET160,1,/Volumes/illinois-las-psych-gratton/iNetworks/Nifti/derivatives/preproc_FCProc-24.1.1/sub-INET160/ses-1/func/,resting,5
INET160,2,/Volumes/illinois-las-psych-gratton/iNetworks/Nifti/derivatives/preproc_FCProc-24.1.1/sub-INET160/ses-2/func/,resting,4
INET160,2,/Volumes/illinois-las-psych-gratton/iNetworks/Nifti/derivatives/preproc_FCProc-24.1.1/sub-INET160/ses-2/func/,resting,6
INET160,3,/Volumes/illinois-las-psych-gratton/iNetworks/Nifti/derivatives/preproc_FCProc-24.1.1/sub-INET160/ses-3/func/,resting,4
INET168,1,/Volumes/illinois-las-psych-gratton/iNetworks/Nifti/derivatives/preproc_FCProc-24.1.1/sub-INET168/ses-1/func/,resting,5
INET168,1,/Volumes/illinois-las-psych-gratton/iNetworks/Nifti/derivatives/preproc_FCProc-24.1.1/sub-INET168/ses-1/func/,resting,6
