subject,session,task,sleep.score,FD.hold,time
1,1,rest,1,0.994555354,10.8504
1,2,rest,5,0.995462795,10.8603
1,3,rest,5,0.995462795,10.8603
1,4,rest,4,0.984573503,10.7415
1,5,rest,2,0.992740472,10.8306
1,6,rest,5,0.9646098,10.5237
1,7,rest,2,0.994555354,10.8504
1,8,rest,5,0.992740472,10.8306
1,9,rest,3,0.990018149,10.8009
1,10,rest,3,0.993647913,10.8405
1,11,rest,1,0.994555354,10.8504
1,12,rest,4,0.993647913,10.8405
1,13,rest,4,0.994555354,10.8504
1,14,rest,2,0.994555354,10.8504
1,15,rest,4,0.993647913,10.8405
1,16,rest,4,0.994555354,10.8504
1,17,rest,2,0.992740472,10.8306
1,18,rest,1,0.995462795,10.8603
1,19,rest,3,0.994555354,10.8504
1,20,rest,1,0.993647913,10.8405
1,21,rest,3,0.994555354,10.8504
1,22,rest,4,0.991833031,10.8207
1,23,rest,5,0.988203267,10.7811
1,24,rest,3,0.994555354,10.8504
1,25,rest,4,0.994555354,10.8504
1,26,rest,5,0.993647913,10.8405
1,27,rest,3,0.992740472,10.8306
1,28,rest,4,0.994555354,10.8504
1,29,rest,3,0.992740472,10.8306
1,30,rest,,0.988203267,10.7811