sub,num_tps_retained,minutes
sub-INET001,9396,172.26000000000002
sub-INET002,8122,148.90333333333334
sub-INET003,6038,110.69666666666667
sub-INET005,5757,105.54500000000002
sub-INET006,7098,130.13
sub-INET010,7143,130.955
sub-INET016,2027,37.16166666666667
sub-INET018,4757,87.21166666666667
sub-INET019,6853,125.63833333333334
sub-INET026,2025,37.125
sub-INET027,6945,127.32500000000002
sub-INET029,3859,70.74833333333335
sub-INET030,6317,115.81166666666668
sub-INET032,4440,81.4
sub-INET033,7176,131.56
sub-INET034,1053,19.305000000000003
sub-INET035,8358,153.23000000000002
sub-INET036,2619,48.015
sub-INET038,3986,73.07666666666667
sub-INET039,8172,149.82000000000002
sub-INET040,7133,130.77166666666668
sub-INET041,794,14.556666666666668
sub-INET042,4225,77.45833333333333
sub-INET044,7364,135.0066666666667
sub-INET045,8102,148.5366666666667
sub-INET046,3614,66.25666666666667
sub-INET047,7404,135.74
sub-INET048,2083,38.18833333333334
sub-INET049,3137,57.51166666666667
sub-INET050,8454,154.99000000000004
sub-INET051,8207,150.46166666666667
sub-INET052,1791,32.835
sub-INET055,6574,120.52333333333334
sub-INET056,7167,131.395
sub-INET057,7080,129.8
sub-INET058,4493,82.37166666666667
sub-INET059,524,9.606666666666667
sub-INET060,4993,91.53833333333334
sub-INET061,4944,90.64000000000001
sub-INET062,4704,86.24000000000001
sub-INET063,3696,67.76
sub-INET065,4508,82.64666666666668
sub-INET067,6195,113.57500000000002
sub-INET068,6310,115.68333333333335
sub-INET069,1054,19.323333333333334
sub-INET070,6824,125.10666666666667
sub-INET071,1837,33.678333333333335
sub-INET072,4458,81.73
sub-INET073,7615,139.60833333333332
sub-INET074,3941,72.25166666666668
sub-INET075,7098,130.13
sub-INET077,4238,77.69666666666667
sub-INET078,3161,57.951666666666675
sub-INET080,1246,22.843333333333337
sub-INET083,3124,57.27333333333333
sub-INET084,3492,64.02000000000001
sub-INET085,4629,84.86500000000001
sub-INET086,7097,130.11166666666668
sub-INET087,1442,26.436666666666667
sub-INET088,4450,81.58333333333333
sub-INET091,1526,27.97666666666667
sub-INET093,7110,130.35000000000002
sub-INET094,4387,80.42833333333334
sub-INET095,6705,122.92500000000001
sub-INET096,6015,110.27500000000002
sub-INET099,4664,85.50666666666667
sub-INET101,5282,96.83666666666667
sub-INET103,6658,122.06333333333333
sub-INET104,5003,91.72166666666666
sub-INET106,6163,112.98833333333333
sub-INET107,4992,91.52000000000001
sub-INET108,4678,85.76333333333334
sub-INET109,3878,71.09666666666666
sub-INET110,5043,92.455
sub-INET111,779,14.281666666666668
sub-INET112,6495,119.07500000000002
sub-INET114,2513,46.07166666666667
sub-INET115,5085,93.225
sub-INET116,628,11.513333333333334
sub-INET120,1914,35.09
sub-INET123,3004,55.07333333333334
sub-INET131,3728,68.34666666666666
sub-INET133,5011,91.86833333333334
sub-INET136,6680,122.46666666666668
sub-INET137,5221,95.71833333333333
sub-INET140,1813,33.23833333333334
sub-INET141,4554,83.49000000000001
sub-INET143,3129,57.365
sub-INET156,5146,94.34333333333333
sub-INET158,5007,91.79500000000002
sub-INET159,7417,135.97833333333335
sub-INET160,1267,23.228333333333335
sub-INET165,5857,107.37833333333334
sub-INET168,6913,126.73833333333333
