,filename,sub,ses,task,run,sleep-score,FD-hold,category
24,sub-INET168_ses-1_task-rest_run-01_bold.nii.gz,sub-INET168,ses-1,rest,run-01,1,0.944444444,eyes_closed
39,sub-INET165_ses-3_task-rest_run-03_bold.nii.gz,sub-INET165,ses-3,rest,run-03,3,0.774074074,eyes_closed
76,sub-INET160_ses-2_task-rest_run-05_bold.nii.gz,sub-INET160,ses-2,rest,run-05,7,0.981481481,eyes_closed
81,sub-INET160_ses-1_task-rest_run-03_bold.nii.gz,sub-INET160,ses-1,rest,run-03,5,0.977777778,eyes_closed
82,sub-INET160_ses-1_task-rest_run-04_bold.nii.gz,sub-INET160,ses-1,rest,run-04,5,0.97037037,eyes_closed
85,sub-INET160_ses-1_task-rest_run-07_bold.nii.gz,sub-INET160,ses-1,rest,run-07,4,0.981481481,eyes_closed
117,sub-INET158_ses-4_task-rest_run-01_bold.nii.gz,sub-INET158,ses-4,rest,run-01,2,0.974074074,eyes_closed
121,sub-INET158_ses-4_task-rest_run-05_bold.nii.gz,sub-INET158,ses-4,rest,run-05,3,0.977777778,eyes_closed
142,sub-INET156_ses-2_task-rest_run-02_bold.nii.gz,sub-INET156,ses-2,rest,run-02,5,0.955555556,eyes_closed
143,sub-INET156_ses-2_task-rest_run-03_bold.nii.gz,sub-INET156,ses-2,rest,run-03,4,0.966666667,eyes_closed
157,sub-INET143_ses-4_task-rest_run-02_bold.nii.gz,sub-INET143,ses-4,rest,run-02,4,0.948148148,eyes_closed
159,sub-INET143_ses-4_task-rest_run-04_bold.nii.gz,sub-INET143,ses-4,rest,run-04,4,0.977777778,eyes_closed
164,sub-INET143_ses-3_task-rest_run-02_bold.nii.gz,sub-INET143,ses-3,rest,run-02,5,0.944444444,eyes_closed
165,sub-INET143_ses-3_task-rest_run-03_bold.nii.gz,sub-INET143,ses-3,rest,run-03,3,0.974074074,eyes_closed
172,sub-INET143_ses-2_task-rest_run-02_bold.nii.gz,sub-INET143,ses-2,rest,run-02,2,0.903703704,eyes_closed
176,sub-INET143_ses-2_task-rest_run-06_bold.nii.gz,sub-INET143,ses-2,rest,run-06,2,0.9,eyes_closed
177,sub-INET143_ses-2_task-rest_run-07_bold.nii.gz,sub-INET143,ses-2,rest,run-07,2,0.707407407,eyes_closed
193,sub-INET141_ses-3_task-rest_run-03_bold.nii.gz,sub-INET141,ses-3,rest,run-03,1,0.97037037,eyes_closed
196,sub-INET141_ses-3_task-rest_run-06_bold.nii.gz,sub-INET141,ses-3,rest,run-06,1,0.925925926,eyes_closed
202,sub-INET141_ses-2_task-rest_run-05_bold.nii.gz,sub-INET141,ses-2,rest,run-05,2,0.814814815,eyes_closed
203,sub-INET141_ses-2_task-rest_run-06_bold.nii.gz,sub-INET141,ses-2,rest,run-06,1,0.962962963,eyes_closed
205,sub-INET141_ses-1_task-rest_run-01_bold.nii.gz,sub-INET141,ses-1,rest,run-01,3,0.918518519,eyes_closed
206,sub-INET141_ses-1_task-rest_run-02_bold.nii.gz,sub-INET141,ses-1,rest,run-02,3,0.951851852,eyes_closed
213,sub-INET140_ses-4_task-rest_run-03_bold.nii.gz,sub-INET140,ses-4,rest,run-03,5,0.888888889,eyes_closed
215,sub-INET140_ses-4_task-rest_run-05_bold.nii.gz,sub-INET140,ses-4,rest,run-05,4,0.911111111,eyes_closed
217,sub-INET140_ses-4_task-rest_run-07_bold.nii.gz,sub-INET140,ses-4,rest,run-07,6,0.77037037,eyes_closed
225,sub-INET140_ses-2_task-rest_run-01_bold.nii.gz,sub-INET140,ses-2,rest,run-01,2,0.877777778,eyes_closed
227,sub-INET140_ses-2_task-rest_run-03_bold.nii.gz,sub-INET140,ses-2,rest,run-03,4,0.803703704,eyes_closed
241,sub-INET137_ses-4_task-rest_run-04_bold.nii.gz,sub-INET137,ses-4,rest,run-04,4,0.977777778,eyes_closed
252,sub-INET137_ses-3_task-rest_run-07_bold.nii.gz,sub-INET137,ses-3,rest,run-07,4,0.903703704,eyes_closed
278,sub-INET136_ses-3_task-rest_run-03_bold.nii.gz,sub-INET136,ses-3,rest,run-03,2,0.974074074,eyes_closed
285,sub-INET136_ses-2_task-rest_run-02_bold.nii.gz,sub-INET136,ses-2,rest,run-02,3,0.951851852,eyes_closed
338,sub-INET131_ses-3_task-rest_run-03_bold.nii.gz,sub-INET131,ses-3,rest,run-03,5,0.848148148,eyes_closed
339,sub-INET131_ses-3_task-rest_run-04_bold.nii.gz,sub-INET131,ses-3,rest,run-04,5,0.977777778,eyes_closed
350,sub-INET131_ses-2_task-rest_run-08_bold.nii.gz,sub-INET131,ses-2,rest,run-08,1,0.977777778,eyes_closed
356,sub-INET131_ses-1_task-rest_run-06_bold.nii.gz,sub-INET131,ses-1,rest,run-06,3,0.855555556,eyes_closed
382,sub-INET123_ses-1_task-rest_run-03_bold.nii.gz,sub-INET123,ses-1,rest,run-03,3,0.485185185,eyes_closed
389,sub-INET120_ses-4_task-rest_run-03_bold.nii.gz,sub-INET120,ses-4,rest,run-03,4,0.944444444,eyes_closed
399,sub-INET120_ses-3_task-rest_run-05_bold.nii.gz,sub-INET120,ses-3,rest,run-05,4,0.818518519,eyes_closed
401,sub-INET120_ses-3_task-rest_run-07_bold.nii.gz,sub-INET120,ses-3,rest,run-07,5,0.974074074,eyes_closed
417,sub-INET116_ses-4_task-rest_run-03_bold.nii.gz,sub-INET116,ses-4,rest,run-03,5,0.4,eyes_closed
418,sub-INET116_ses-4_task-rest_run-04_bold.nii.gz,sub-INET116,ses-4,rest,run-04,5,0.488888889,eyes_closed
424,sub-INET116_ses-3_task-rest_run-02_bold.nii.gz,sub-INET116,ses-3,rest,run-02,4,0.566666667,eyes_closed
433,sub-INET116_ses-2_task-rest_run-03_bold.nii.gz,sub-INET116,ses-2,rest,run-03,4,0.574074074,eyes_closed
442,sub-INET116_ses-1_task-rest_run-04_bold.nii.gz,sub-INET116,ses-1,rest,run-04,4,0.296296296,eyes_closed
494,sub-INET114_ses-2_task-rest_run-03_bold.nii.gz,sub-INET114,ses-2,rest,run-03,5,0.307407407,eyes_closed
508,sub-INET112_ses-4_task-rest_run-03_bold.nii.gz,sub-INET112,ses-4,rest,run-03,2,0.940740741,eyes_closed
519,sub-INET112_ses-3_task-rest_run-06_bold.nii.gz,sub-INET112,ses-3,rest,run-06,3,0.944444444,eyes_closed
539,sub-INET111_ses-4_task-rest_run-04_bold.nii.gz,sub-INET111,ses-4,rest,run-04,6,0.885185185,eyes_closed
544,sub-INET111_ses-3_task-rest_run-02_bold.nii.gz,sub-INET111,ses-3,rest,run-02,5,0.651851852,eyes_closed
567,sub-INET110_ses-4_task-rest_run-03_bold.nii.gz,sub-INET110,ses-4,rest,run-03,3,0.937037037,eyes_closed
568,sub-INET110_ses-4_task-rest_run-04_bold.nii.gz,sub-INET110,ses-4,rest,run-04,3,0.962962963,eyes_closed
569,sub-INET110_ses-4_task-rest_run-05_bold.nii.gz,sub-INET110,ses-4,rest,run-05,2,0.918518519,eyes_closed
580,sub-INET110_ses-2_task-rest_run-02_bold.nii.gz,sub-INET110,ses-2,rest,run-02,3,0.966666667,eyes_closed
591,sub-INET110_ses-1_task-rest_run-05_bold.nii.gz,sub-INET110,ses-1,rest,run-05,4,0.844444444,eyes_closed
592,sub-INET110_ses-1_task-rest_run-06_bold.nii.gz,sub-INET110,ses-1,rest,run-06,5,0.977777778,eyes_closed
611,sub-INET109_ses-2_task-rest_run-02_bold.nii.gz,sub-INET109,ses-2,rest,run-02,3,0.977777778,eyes_closed
612,sub-INET109_ses-2_task-rest_run-03_bold.nii.gz,sub-INET109,ses-2,rest,run-03,3,0.851851852,eyes_closed
643,sub-INET108_ses-2_task-rest_run-03_bold.nii.gz,sub-INET108,ses-2,rest,run-03,5,0.866666667,eyes_closed
651,sub-INET108_ses-1_task-rest_run-04_bold.nii.gz,sub-INET108,ses-1,rest,run-04,4,0.974074074,eyes_closed
656,sub-INET107_ses-4_task-rest_run-03_bold.nii.gz,sub-INET107,ses-4,rest,run-03,2,0.951851852,eyes_closed
657,sub-INET107_ses-4_task-rest_run-04_bold.nii.gz,sub-INET107,ses-4,rest,run-04,2,0.948148148,eyes_closed
662,sub-INET107_ses-3_task-rest_run-02_bold.nii.gz,sub-INET107,ses-3,rest,run-02,2,0.974074074,eyes_closed
663,sub-INET107_ses-3_task-rest_run-03_bold.nii.gz,sub-INET107,ses-3,rest,run-03,3,0.874074074,eyes_closed
670,sub-INET107_ses-2_task-rest_run-03_bold.nii.gz,sub-INET107,ses-2,rest,run-03,1,0.903703704,eyes_closed
701,sub-INET106_ses-2_task-rest_run-08_bold.nii.gz,sub-INET106,ses-2,rest,run-08,3,0.951851852,eyes_closed
719,sub-INET105_ses-3_task-rest_run-05_bold.nii.gz,sub-INET105,ses-3,rest,run-05,5,0.951851852,eyes_closed
761,sub-INET104_ses-1_task-rest_run-07_bold.nii.gz,sub-INET104,ses-1,rest,run-07,1,0.907407407,eyes_closed
820,sub-INET098_ses-4_task-rest_run-02_bold.nii.gz,sub-INET098,ses-4,rest,run-02,2,0.955555556,eyes_closed
821,sub-INET098_ses-4_task-rest_run-03_bold.nii.gz,sub-INET098,ses-4,rest,run-03,3,0.977777778,eyes_closed
822,sub-INET098_ses-4_task-rest_run-04_bold.nii.gz,sub-INET098,ses-4,rest,run-04,3,0.966666667,eyes_closed
825,sub-INET098_ses-4_task-rest_run-07_bold.nii.gz,sub-INET098,ses-4,rest,run-07,1,0.82962963,eyes_closed
826,sub-INET098_ses-3_task-rest_run-01_bold.nii.gz,sub-INET098,ses-3,rest,run-01,2,0.911111111,eyes_closed
828,sub-INET098_ses-3_task-rest_run-03_bold.nii.gz,sub-INET098,ses-3,rest,run-03,3,0.907407407,eyes_closed
829,sub-INET098_ses-3_task-rest_run-04_bold.nii.gz,sub-INET098,ses-3,rest,run-04,3,0.948148148,eyes_closed
831,sub-INET098_ses-3_task-rest_run-06_bold.nii.gz,sub-INET098,ses-3,rest,run-06,2,0.844444444,eyes_closed
833,sub-INET098_ses-2_task-rest_run-01_bold.nii.gz,sub-INET098,ses-2,rest,run-01,2,0.977777778,eyes_closed
841,sub-INET098_ses-1_task-rest_run-02_bold.nii.gz,sub-INET098,ses-1,rest,run-02,3,0.951851852,eyes_closed
842,sub-INET098_ses-1_task-rest_run-03_bold.nii.gz,sub-INET098,ses-1,rest,run-03,4,0.959259259,eyes_closed
844,sub-INET098_ses-1_task-rest_run-05_bold.nii.gz,sub-INET098,ses-1,rest,run-05,1,0.848148148,eyes_closed
845,sub-INET098_ses-1_task-rest_run-06_bold.nii.gz,sub-INET098,ses-1,rest,run-06,2,0.833333333,eyes_closed
852,sub-INET096_ses-4_task-rest_run-06_bold.nii.gz,sub-INET096,ses-4,rest,run-06,2,0.955555556,eyes_closed
872,sub-INET096_ses-1_task-rest_run-06_bold.nii.gz,sub-INET096,ses-1,rest,run-06,1,0.962962963,eyes_closed
881,sub-INET094_ses-3_task-rest_run-02_bold.nii.gz,sub-INET094,ses-3,rest,run-02,4,0.977777778,eyes_closed
882,sub-INET094_ses-3_task-rest_run-03_bold.nii.gz,sub-INET094,ses-3,rest,run-03,2,0.955555556,eyes_closed
883,sub-INET094_ses-3_task-rest_run-04_bold.nii.gz,sub-INET094,ses-3,rest,run-04,4,0.981481481,eyes_closed
889,sub-INET094_ses-2_task-rest_run-03_bold.nii.gz,sub-INET094,ses-2,rest,run-03,5,0.977777778,eyes_closed
909,sub-INET093_ses-3_task-rest_run-03_bold.nii.gz,sub-INET093,ses-3,rest,run-03,2,0.974074074,eyes_closed
910,sub-INET093_ses-3_task-rest_run-04_bold.nii.gz,sub-INET093,ses-3,rest,run-04,2,0.959259259,eyes_closed
920,sub-INET093_ses-2_task-rest_run-07_bold.nii.gz,sub-INET093,ses-2,rest,run-07,1,0.981481481,eyes_closed
921,sub-INET093_ses-2_task-rest_run-08_bold.nii.gz,sub-INET093,ses-2,rest,run-08,2,0.974074074,eyes_closed
931,sub-INET091_ses-4_task-rest_run-02_bold.nii.gz,sub-INET091,ses-4,rest,run-02,5,0.881481481,eyes_closed
932,sub-INET091_ses-4_task-rest_run-03_bold.nii.gz,sub-INET091,ses-4,rest,run-03,6,0.588888889,eyes_closed
933,sub-INET091_ses-4_task-rest_run-04_bold.nii.gz,sub-INET091,ses-4,rest,run-04,6,0.703703704,eyes_closed
934,sub-INET091_ses-4_task-rest_run-05_bold.nii.gz,sub-INET091,ses-4,rest,run-05,4,0.981481481,eyes_closed
935,sub-INET091_ses-4_task-rest_run-06_bold.nii.gz,sub-INET091,ses-4,rest,run-06,5,0.862962963,eyes_closed
936,sub-INET091_ses-4_task-rest_run-07_bold.nii.gz,sub-INET091,ses-4,rest,run-07,5,0.903703704,eyes_closed
943,sub-INET091_ses-3_task-rest_run-07_bold.nii.gz,sub-INET091,ses-3,rest,run-07,5,0.918518519,eyes_closed
946,sub-INET091_ses-2_task-rest_run-03_bold.nii.gz,sub-INET091,ses-2,rest,run-03,4,0.622222222,eyes_closed
948,sub-INET091_ses-2_task-rest_run-07_bold.nii.gz,sub-INET091,ses-2,rest,run-07,3,0.707407407,eyes_closed
952,sub-INET091_ses-1_task-rest_run-06_bold.nii.gz,sub-INET091,ses-1,rest,run-06,6,0.677777778,eyes_closed
969,sub-INET088_ses-2_task-rest_run-03_bold.nii.gz,sub-INET088,ses-2,rest,run-03,2,0.974074074,eyes_closed
976,sub-INET088_ses-1_task-rest_run-03_bold.nii.gz,sub-INET088,ses-1,rest,run-03,4,0.977777778,eyes_closed
978,sub-INET088_ses-1_task-rest_run-05_bold.nii.gz,sub-INET088,ses-1,rest,run-05,6,0.981481481,eyes_closed
979,sub-INET088_ses-1_task-rest_run-06_bold.nii.gz,sub-INET088,ses-1,rest,run-06,6,0.977777778,eyes_closed
981,sub-INET087_ses-4_task-rest_run-02_bold.nii.gz,sub-INET087,ses-4,rest,run-02,4,0.866666667,eyes_closed
994,sub-INET087_ses-2_task-rest_run-01_bold.nii.gz,sub-INET087,ses-2,rest,run-01,5,0.962962963,eyes_closed
1002,sub-INET087_ses-1_task-rest_run-02_bold.nii.gz,sub-INET087,ses-1,rest,run-02,6,0.974074074,eyes_closed
1004,sub-INET087_ses-1_task-rest_run-04_bold.nii.gz,sub-INET087,ses-1,rest,run-04,5,0.962962963,eyes_closed
1042,sub-INET085_ses-3_task-rest_run-02_bold.nii.gz,sub-INET085,ses-3,rest,run-02,4,0.974074074,eyes_closed
1043,sub-INET085_ses-3_task-rest_run-03_bold.nii.gz,sub-INET085,ses-3,rest,run-03,5,0.811111111,eyes_closed
1045,sub-INET085_ses-3_task-rest_run-05_bold.nii.gz,sub-INET085,ses-3,rest,run-05,4,0.362962963,eyes_closed
1049,sub-INET085_ses-2_task-rest_run-02_bold.nii.gz,sub-INET085,ses-2,rest,run-02,3,0.933333333,eyes_closed
1051,sub-INET085_ses-2_task-rest_run-04_bold.nii.gz,sub-INET085,ses-2,rest,run-04,4,0.866666667,eyes_closed
1085,sub-INET083_ses-4_task-rest_run-05_bold.nii.gz,sub-INET083,ses-4,rest,run-05,4,0.977777778,eyes_closed
1087,sub-INET083_ses-4_task-rest_run-07_bold.nii.gz,sub-INET083,ses-4,rest,run-07,5,0.944444444,eyes_closed
1100,sub-INET083_ses-2_task-rest_run-05_bold.nii.gz,sub-INET083,ses-2,rest,run-05,5,0.937037037,eyes_closed
1105,sub-INET083_ses-1_task-rest_run-03_bold.nii.gz,sub-INET083,ses-1,rest,run-03,6,0.855555556,eyes_closed
1106,sub-INET083_ses-1_task-rest_run-04_bold.nii.gz,sub-INET083,ses-1,rest,run-04,6,0.896296296,eyes_closed
1107,sub-INET083_ses-1_task-rest_run-05_bold.nii.gz,sub-INET083,ses-1,rest,run-05,7,0.974074074,eyes_closed
1111,sub-INET080_ses-4_task-rest_run-02_bold.nii.gz,sub-INET080,ses-4,rest,run-02,6,0.981481481,eyes_closed
1120,sub-INET080_ses-3_task-rest_run-05_bold.nii.gz,sub-INET080,ses-3,rest,run-05,7,0.9,eyes_closed
1121,sub-INET080_ses-3_task-rest_run-06_bold.nii.gz,sub-INET080,ses-3,rest,run-06,6,0.974074074,eyes_closed
1133,sub-INET078_ses-4_task-rest_run-02_bold.nii.gz,sub-INET078,ses-4,rest,run-02,4,0.977777778,eyes_closed
1136,sub-INET078_ses-4_task-rest_run-05_bold.nii.gz,sub-INET078,ses-4,rest,run-05,5,0.962962963,eyes_closed
1139,sub-INET078_ses-3_task-rest_run-03_bold.nii.gz,sub-INET078,ses-3,rest,run-03,4,0.977777778,eyes_closed
1164,sub-INET077_ses-3_task-rest_run-02_bold.nii.gz,sub-INET077,ses-3,rest,run-02,2,0.788888889,eyes_closed
1165,sub-INET077_ses-3_task-rest_run-03_bold.nii.gz,sub-INET077,ses-3,rest,run-03,2,0.840740741,eyes_closed
1169,sub-INET077_ses-2_task-rest_run-01_bold.nii.gz,sub-INET077,ses-2,rest,run-01,2,0.818518519,eyes_closed
1173,sub-INET077_ses-2_task-rest_run-05_bold.nii.gz,sub-INET077,ses-2,rest,run-05,2,0.814814815,eyes_closed
1174,sub-INET077_ses-2_task-rest_run-06_bold.nii.gz,sub-INET077,ses-2,rest,run-06,2,0.881481481,eyes_closed
1176,sub-INET077_ses-1_task-rest_run-01_bold.nii.gz,sub-INET077,ses-1,rest,run-01,2,0.977777778,eyes_closed
1177,sub-INET077_ses-1_task-rest_run-02_bold.nii.gz,sub-INET077,ses-1,rest,run-02,2,0.922222222,eyes_closed
1178,sub-INET077_ses-1_task-rest_run-03_bold.nii.gz,sub-INET077,ses-1,rest,run-03,2,0.933333333,eyes_closed
1181,sub-INET077_ses-1_task-rest_run-06_bold.nii.gz,sub-INET077,ses-1,rest,run-06,2,0.566666667,eyes_closed
1182,sub-INET077_ses-1_task-rest_run-07_bold.nii.gz,sub-INET077,ses-1,rest,run-07,3,0.607407407,eyes_closed
1450,sub-INET063_ses-2_task-rest_run-04_bold.nii.gz,sub-INET063,ses-2,rest,run-04,7,0.944444444,eyes_closed
1560,sub-INET059_ses-1_task-rest_run-02_bold.nii.gz,sub-INET059,ses-1,rest,run-02,5,0.907407407,eyes_closed
1830,sub-INET048_ses-2_task-rest_run-02_bold.nii.gz,sub-INET048,ses-2,rest,run-02,4,0.977777778,eyes_closed
1881,sub-INET046_ses-2_task-rest_run-05_bold.nii.gz,sub-INET046,ses-2,rest,run-05,6,0.951851852,eyes_closed
2237,sub-INET032_ses-3_task-rest_run-02_bold.nii.gz,sub-INET032,ses-3,rest,run-02,3,0.911111111,eyes_closed
2311,sub-INET026_ses-4_task-rest_run-02_bold.nii.gz,sub-INET026,ses-4,rest,run-02,6,0.981481481,eyes_closed
2360,sub-INET019_ses-1_task-rest_run-01_bold.nii.gz,sub-INET019,ses-1,rest,run-01,4,0.97037037,eyes_closed
2479,sub-INET005_ses-3_task-rest_run-02_bold.nii.gz,sub-INET005,ses-3,rest,run-02,3,0.974074074,eyes_closed
2496,sub-INET003_ses-4_task-rest_run-02_bold.nii.gz,sub-INET003,ses-4,rest,run-02,1,0.974074074,eyes_closed
2497,sub-INET003_ses-4_task-rest_run-03_bold.nii.gz,sub-INET003,ses-4,rest,run-03,3,0.981481481,eyes_closed
2498,sub-INET003_ses-4_task-rest_run-04_bold.nii.gz,sub-INET003,ses-4,rest,run-04,4,0.959259259,eyes_closed
2499,sub-INET003_ses-4_task-rest_run-05_bold.nii.gz,sub-INET003,ses-4,rest,run-05,4,0.974074074,eyes_closed
2501,sub-INET003_ses-4_task-rest_run-07_bold.nii.gz,sub-INET003,ses-4,rest,run-07,4,0.974074074,eyes_closed
2559,sub-INET001_ses-3_task-rest_run-06_bold.nii.gz,sub-INET001,ses-3,rest,run-06,1,0.97037037,eyes_closed
