sub,ses,task,run,filename,abnormal_TR,error_run,note,sleepiness__1_7_scale_,alignment,tmask_filepath,tmask_filename,num_tps_retained,eyes_closed,sleepy
sub-INET016,ses-1,task-rest,run-05,sub-INET016_ses-1_task-rest_run-05_bold.nii.gz,0,,,5.0,include,/gpfs/research/grattonlab/iNetworks/Nifti/derivatives/preproc_fmriprep-24.1.1/sub-INET016/ses-1/func/FD_outputs/sub-INET016_ses-1_task-rest_run-05_desc-tmask_fFD.txt,sub-INET016_ses-1_task-rest_run-05_desc-tmask_fFD.txt,265,0,1
sub-INET016,ses-2,task-rest,run-02,sub-INET016_ses-2_task-rest_run-02_bold.nii.gz,0,,,5.0,include,/gpfs/research/grattonlab/iNetworks/Nifti/derivatives/preproc_fmriprep-24.1.1/sub-INET016/ses-2/func/FD_outputs/sub-INET016_ses-2_task-rest_run-02_desc-tmask_fFD.txt,sub-INET016_ses-2_task-rest_run-02_desc-tmask_fFD.txt,255,0,1
sub-INET016,ses-2,task-rest,run-03,sub-INET016_ses-2_task-rest_run-03_bold.nii.gz,0,,,5.0,include,/gpfs/research/grattonlab/iNetworks/Nifti/derivatives/preproc_fmriprep-24.1.1/sub-INET016/ses-2/func/FD_outputs/sub-INET016_ses-2_task-rest_run-03_desc-tmask_fFD.txt,sub-INET016_ses-2_task-rest_run-03_desc-tmask_fFD.txt,251,0,1
sub-INET016,ses-3,task-rest,run-02,sub-INET016_ses-3_task-rest_run-02_bold.nii.gz,0,,,5.0,include,/gpfs/research/grattonlab/iNetworks/Nifti/derivatives/preproc_fmriprep-24.1.1/sub-INET016/ses-3/func/FD_outputs/sub-INET016_ses-3_task-rest_run-02_desc-tmask_fFD.txt,sub-INET016_ses-3_task-rest_run-02_desc-tmask_fFD.txt,250,0,1
sub-INET016,ses-3,task-rest,run-06,sub-INET016_ses-3_task-rest_run-06_bold.nii.gz,0,,,5.0,include,/gpfs/research/grattonlab/iNetworks/Nifti/derivatives/preproc_fmriprep-24.1.1/sub-INET016/ses-3/func/FD_outputs/sub-INET016_ses-3_task-rest_run-06_desc-tmask_fFD.txt,sub-INET016_ses-3_task-rest_run-06_desc-tmask_fFD.txt,265,0,1
sub-INET016,ses-4,task-rest,run-01,sub-INET016_ses-4_task-rest_run-01_bold.nii.gz,0,,,5.0,include,/gpfs/research/grattonlab/iNetworks/Nifti/derivatives/preproc_fmriprep-24.1.1/sub-INET016/ses-4/func/FD_outputs/sub-INET016_ses-4_task-rest_run-01_desc-tmask_fFD.txt,sub-INET016_ses-4_task-rest_run-01_desc-tmask_fFD.txt,247,0,1
sub-INET016,ses-4,task-rest,run-08,sub-INET016_ses-4_task-rest_run-08_bold.nii.gz,0,,,5.0,include,/gpfs/research/grattonlab/iNetworks/Nifti/derivatives/preproc_fmriprep-24.1.1/sub-INET016/ses-4/func/FD_outputs/sub-INET016_ses-4_task-rest_run-08_desc-tmask_fFD.txt,sub-INET016_ses-4_task-rest_run-08_desc-tmask_fFD.txt,219,0,1
sub-INET026,ses-2,task-rest,run-02,sub-INET026_ses-2_task-rest_run-02_bold.nii.gz,0,,,5.0,include,/gpfs/research/grattonlab/iNetworks/Nifti/derivatives/preproc_fmriprep-24.1.1/sub-INET026/ses-2/func/FD_outputs/sub-INET026_ses-2_task-rest_run-02_desc-tmask_fFD.txt,sub-INET026_ses-2_task-rest_run-02_desc-tmask_fFD.txt,265,0,1
sub-INET026,ses-2,task-rest,run-03,sub-INET026_ses-2_task-rest_run-03_bold.nii.gz,0,,,5.0,include,/gpfs/research/grattonlab/iNetworks/Nifti/derivatives/preproc_fmriprep-24.1.1/sub-INET026/ses-2/func/FD_outputs/sub-INET026_ses-2_task-rest_run-03_desc-tmask_fFD.txt,sub-INET026_ses-2_task-rest_run-03_desc-tmask_fFD.txt,264,0,1
sub-INET026,ses-2,task-rest,run-05,sub-INET026_ses-2_task-rest_run-05_bold.nii.gz,0,,,5.0,include,/gpfs/research/grattonlab/iNetworks/Nifti/derivatives/preproc_fmriprep-24.1.1/sub-INET026/ses-2/func/FD_outputs/sub-INET026_ses-2_task-rest_run-05_desc-tmask_fFD.txt,sub-INET026_ses-2_task-rest_run-05_desc-tmask_fFD.txt,263,0,1
sub-INET026,ses-2,task-rest,run-06,sub-INET026_ses-2_task-rest_run-06_bold.nii.gz,0,,,5.0,include,/gpfs/research/grattonlab/iNetworks/Nifti/derivatives/preproc_fmriprep-24.1.1/sub-INET026/ses-2/func/FD_outputs/sub-INET026_ses-2_task-rest_run-06_desc-tmask_fFD.txt,sub-INET026_ses-2_task-rest_run-06_desc-tmask_fFD.txt,259,0,1
sub-INET026,ses-3,task-rest,run-03,sub-INET026_ses-3_task-rest_run-03_bold.nii.gz,0,,,5.0,include,/gpfs/research/grattonlab/iNetworks/Nifti/derivatives/preproc_fmriprep-24.1.1/sub-INET026/ses-3/func/FD_outputs/sub-INET026_ses-3_task-rest_run-03_desc-tmask_fFD.txt,sub-INET026_ses-3_task-rest_run-03_desc-tmask_fFD.txt,263,0,1
sub-INET026,ses-3,task-rest,run-04,sub-INET026_ses-3_task-rest_run-04_bold.nii.gz,0,,,5.0,include,/gpfs/research/grattonlab/iNetworks/Nifti/derivatives/preproc_fmriprep-24.1.1/sub-INET026/ses-3/func/FD_outputs/sub-INET026_ses-3_task-rest_run-04_desc-tmask_fFD.txt,sub-INET026_ses-3_task-rest_run-04_desc-tmask_fFD.txt,263,0,1
sub-INET026,ses-4,task-rest,run-03,sub-INET026_ses-4_task-rest_run-03_bold.nii.gz,0,,,5.0,include,/gpfs/research/grattonlab/iNetworks/Nifti/derivatives/preproc_fmriprep-24.1.1/sub-INET026/ses-4/func/FD_outputs/sub-INET026_ses-4_task-rest_run-03_desc-tmask_fFD.txt,sub-INET026_ses-4_task-rest_run-03_desc-tmask_fFD.txt,261,0,1
sub-INET026,ses-4,task-rest,run-04,sub-INET026_ses-4_task-rest_run-04_bold.nii.gz,0,,,5.0,include,/gpfs/research/grattonlab/iNetworks/Nifti/derivatives/preproc_fmriprep-24.1.1/sub-INET026/ses-4/func/FD_outputs/sub-INET026_ses-4_task-rest_run-04_desc-tmask_fFD.txt,sub-INET026_ses-4_task-rest_run-04_desc-tmask_fFD.txt,246,0,1
sub-INET026,ses-4,task-rest,run-05,sub-INET026_ses-4_task-rest_run-05_bold.nii.gz,0,,,5.0,include,/gpfs/research/grattonlab/iNetworks/Nifti/derivatives/preproc_fmriprep-24.1.1/sub-INET026/ses-4/func/FD_outputs/sub-INET026_ses-4_task-rest_run-05_desc-tmask_fFD.txt,sub-INET026_ses-4_task-rest_run-05_desc-tmask_fFD.txt,247,0,1
sub-INET032,ses-1,task-rest,run-04,sub-INET032_ses-1_task-rest_run-04_bold.nii.gz,0,,,5.0,include,/gpfs/research/grattonlab/iNetworks/Nifti/derivatives/preproc_fmriprep-24.1.1/sub-INET032/ses-1/func/FD_outputs/sub-INET032_ses-1_task-rest_run-04_desc-tmask_fFD.txt,sub-INET032_ses-1_task-rest_run-04_desc-tmask_fFD.txt,264,0,1
sub-INET032,ses-1,task-rest,run-05,sub-INET032_ses-1_task-rest_run-05_bold.nii.gz,0,,,5.0,include,/gpfs/research/grattonlab/iNetworks/Nifti/derivatives/preproc_fmriprep-24.1.1/sub-INET032/ses-1/func/FD_outputs/sub-INET032_ses-1_task-rest_run-05_desc-tmask_fFD.txt,sub-INET032_ses-1_task-rest_run-05_desc-tmask_fFD.txt,253,0,1
sub-INET032,ses-2,task-rest,run-03,sub-INET032_ses-2_task-rest_run-03_bold.nii.gz,0,,,5.0,include,/gpfs/research/grattonlab/iNetworks/Nifti/derivatives/preproc_fmriprep-24.1.1/sub-INET032/ses-2/func/FD_outputs/sub-INET032_ses-2_task-rest_run-03_desc-tmask_fFD.txt,sub-INET032_ses-2_task-rest_run-03_desc-tmask_fFD.txt,225,0,1
sub-INET032,ses-2,task-rest,run-04,sub-INET032_ses-2_task-rest_run-04_bold.nii.gz,0,,,5.0,include,/gpfs/research/grattonlab/iNetworks/Nifti/derivatives/preproc_fmriprep-24.1.1/sub-INET032/ses-2/func/FD_outputs/sub-INET032_ses-2_task-rest_run-04_desc-tmask_fFD.txt,sub-INET032_ses-2_task-rest_run-04_desc-tmask_fFD.txt,225,0,1
sub-INET032,ses-3,task-rest,run-02,sub-INET032_ses-3_task-rest_run-02_bold.nii.gz,0,,long blinks,3.0,include,/gpfs/research/grattonlab/iNetworks/Nifti/derivatives/preproc_fmriprep-24.1.1/sub-INET032/ses-3/func/FD_outputs/sub-INET032_ses-3_task-rest_run-02_desc-tmask_fFD.txt,sub-INET032_ses-3_task-rest_run-02_desc-tmask_fFD.txt,247,1,1
sub-INET032,ses-3,task-rest,run-05,sub-INET032_ses-3_task-rest_run-05_bold.nii.gz,0,,,5.0,include,/gpfs/research/grattonlab/iNetworks/Nifti/derivatives/preproc_fmriprep-24.1.1/sub-INET032/ses-3/func/FD_outputs/sub-INET032_ses-3_task-rest_run-05_desc-tmask_fFD.txt,sub-INET032_ses-3_task-rest_run-05_desc-tmask_fFD.txt,253,0,1
sub-INET036,ses-1,task-rest,run-05,sub-INET036_ses-1_task-rest_run-05_bold.nii.gz,0,,,5.0,include,/gpfs/research/grattonlab/iNetworks/Nifti/derivatives/preproc_fmriprep-24.1.1/sub-INET036/ses-1/func/FD_outputs/sub-INET036_ses-1_task-rest_run-05_desc-tmask_fFD.txt,sub-INET036_ses-1_task-rest_run-05_desc-tmask_fFD.txt,247,0,1
sub-INET036,ses-3,task-rest,run-04,sub-INET036_ses-3_task-rest_run-04_bold.nii.gz,0,,,5.0,include,/gpfs/research/grattonlab/iNetworks/Nifti/derivatives/preproc_fmriprep-24.1.1/sub-INET036/ses-3/func/FD_outputs/sub-INET036_ses-3_task-rest_run-04_desc-tmask_fFD.txt,sub-INET036_ses-3_task-rest_run-04_desc-tmask_fFD.txt,264,0,1
sub-INET036,ses-4,task-rest,run-01,sub-INET036_ses-4_task-rest_run-01_bold.nii.gz,0,,,5.0,include,/gpfs/research/grattonlab/iNetworks/Nifti/derivatives/preproc_fmriprep-24.1.1/sub-INET036/ses-4/func/FD_outputs/sub-INET036_ses-4_task-rest_run-01_desc-tmask_fFD.txt,sub-INET036_ses-4_task-rest_run-01_desc-tmask_fFD.txt,264,0,1
sub-INET036,ses-4,task-rest,run-02,sub-INET036_ses-4_task-rest_run-02_bold.nii.gz,0,,,5.0,include,/gpfs/research/grattonlab/iNetworks/Nifti/derivatives/preproc_fmriprep-24.1.1/sub-INET036/ses-4/func/FD_outputs/sub-INET036_ses-4_task-rest_run-02_desc-tmask_fFD.txt,sub-INET036_ses-4_task-rest_run-02_desc-tmask_fFD.txt,264,0,1
sub-INET036,ses-4,task-rest,run-03,sub-INET036_ses-4_task-rest_run-03_bold.nii.gz,0,,,5.0,include,/gpfs/research/grattonlab/iNetworks/Nifti/derivatives/preproc_fmriprep-24.1.1/sub-INET036/ses-4/func/FD_outputs/sub-INET036_ses-4_task-rest_run-03_desc-tmask_fFD.txt,sub-INET036_ses-4_task-rest_run-03_desc-tmask_fFD.txt,265,0,1
sub-INET036,ses-4,task-rest,run-04,sub-INET036_ses-4_task-rest_run-04_bold.nii.gz,0,,,5.0,include,/gpfs/research/grattonlab/iNetworks/Nifti/derivatives/preproc_fmriprep-24.1.1/sub-INET036/ses-4/func/FD_outputs/sub-INET036_ses-4_task-rest_run-04_desc-tmask_fFD.txt,sub-INET036_ses-4_task-rest_run-04_desc-tmask_fFD.txt,265,0,1
sub-INET046,ses-1,task-rest,run-03,sub-INET046_ses-1_task-rest_run-03_bold.nii.gz,0,,,5.0,include,/gpfs/research/grattonlab/iNetworks/Nifti/derivatives/preproc_fmriprep-24.1.1/sub-INET046/ses-1/func/FD_outputs/sub-INET046_ses-1_task-rest_run-03_desc-tmask_fFD.txt,sub-INET046_ses-1_task-rest_run-03_desc-tmask_fFD.txt,262,0,1
sub-INET046,ses-1,task-rest,run-05,sub-INET046_ses-1_task-rest_run-05_bold.nii.gz,0,,,5.0,include,/gpfs/research/grattonlab/iNetworks/Nifti/derivatives/preproc_fmriprep-24.1.1/sub-INET046/ses-1/func/FD_outputs/sub-INET046_ses-1_task-rest_run-05_desc-tmask_fFD.txt,sub-INET046_ses-1_task-rest_run-05_desc-tmask_fFD.txt,263,0,1
sub-INET046,ses-2,task-rest,run-03,sub-INET046_ses-2_task-rest_run-03_bold.nii.gz,0,,,5.0,include,/gpfs/research/grattonlab/iNetworks/Nifti/derivatives/preproc_fmriprep-24.1.1/sub-INET046/ses-2/func/FD_outputs/sub-INET046_ses-2_task-rest_run-03_desc-tmask_fFD.txt,sub-INET046_ses-2_task-rest_run-03_desc-tmask_fFD.txt,249,0,1
sub-INET046,ses-4,task-rest,run-03,sub-INET046_ses-4_task-rest_run-03_bold.nii.gz,0,,,5.0,include,/gpfs/research/grattonlab/iNetworks/Nifti/derivatives/preproc_fmriprep-24.1.1/sub-INET046/ses-4/func/FD_outputs/sub-INET046_ses-4_task-rest_run-03_desc-tmask_fFD.txt,sub-INET046_ses-4_task-rest_run-03_desc-tmask_fFD.txt,263,0,1
sub-INET046,ses-4,task-rest,run-04,sub-INET046_ses-4_task-rest_run-04_bold.nii.gz,0,,,5.0,include,/gpfs/research/grattonlab/iNetworks/Nifti/derivatives/preproc_fmriprep-24.1.1/sub-INET046/ses-4/func/FD_outputs/sub-INET046_ses-4_task-rest_run-04_desc-tmask_fFD.txt,sub-INET046_ses-4_task-rest_run-04_desc-tmask_fFD.txt,260,0,1
sub-INET046,ses-4,task-rest,run-06,sub-INET046_ses-4_task-rest_run-06_bold.nii.gz,0,,,5.0,include,/gpfs/research/grattonlab/iNetworks/Nifti/derivatives/preproc_fmriprep-24.1.1/sub-INET046/ses-4/func/FD_outputs/sub-INET046_ses-4_task-rest_run-06_desc-tmask_fFD.txt,sub-INET046_ses-4_task-rest_run-06_desc-tmask_fFD.txt,262,0,1
sub-INET058,ses-1,task-rest,run-04,sub-INET058_ses-1_task-rest_run-04_bold.nii.gz,0,,,5.0,include,/gpfs/research/grattonlab/iNetworks/Nifti/derivatives/preproc_fmriprep-24.1.1/sub-INET058/ses-1/func/FD_outputs/sub-INET058_ses-1_task-rest_run-04_desc-tmask_fFD.txt,sub-INET058_ses-1_task-rest_run-04_desc-tmask_fFD.txt,264,0,1
sub-INET058,ses-2,task-rest,run-04,sub-INET058_ses-2_task-rest_run-04_bold.nii.gz,0,,,5.0,include,/gpfs/research/grattonlab/iNetworks/Nifti/derivatives/preproc_fmriprep-24.1.1/sub-INET058/ses-2/func/FD_outputs/sub-INET058_ses-2_task-rest_run-04_desc-tmask_fFD.txt,sub-INET058_ses-2_task-rest_run-04_desc-tmask_fFD.txt,260,0,1
sub-INET058,ses-2,task-rest,run-05,sub-INET058_ses-2_task-rest_run-05_bold.nii.gz,0,,,5.0,include,/gpfs/research/grattonlab/iNetworks/Nifti/derivatives/preproc_fmriprep-24.1.1/sub-INET058/ses-2/func/FD_outputs/sub-INET058_ses-2_task-rest_run-05_desc-tmask_fFD.txt,sub-INET058_ses-2_task-rest_run-05_desc-tmask_fFD.txt,262,0,1
sub-INET058,ses-2,task-rest,run-06,sub-INET058_ses-2_task-rest_run-06_bold.nii.gz,0,,,5.0,include,/gpfs/research/grattonlab/iNetworks/Nifti/derivatives/preproc_fmriprep-24.1.1/sub-INET058/ses-2/func/FD_outputs/sub-INET058_ses-2_task-rest_run-06_desc-tmask_fFD.txt,sub-INET058_ses-2_task-rest_run-06_desc-tmask_fFD.txt,258,0,1
sub-INET058,ses-2,task-rest,run-07,sub-INET058_ses-2_task-rest_run-07_bold.nii.gz,0,,,5.0,include,/gpfs/research/grattonlab/iNetworks/Nifti/derivatives/preproc_fmriprep-24.1.1/sub-INET058/ses-2/func/FD_outputs/sub-INET058_ses-2_task-rest_run-07_desc-tmask_fFD.txt,sub-INET058_ses-2_task-rest_run-07_desc-tmask_fFD.txt,264,0,1
sub-INET061,ses-1,task-rest,run-02,sub-INET061_ses-1_task-rest_run-02_bold.nii.gz,0,,,5.0,include,/gpfs/research/grattonlab/iNetworks/Nifti/derivatives/preproc_fmriprep-24.1.1/sub-INET061/ses-1/func/FD_outputs/sub-INET061_ses-1_task-rest_run-02_desc-tmask_fFD.txt,sub-INET061_ses-1_task-rest_run-02_desc-tmask_fFD.txt,264,0,1
sub-INET061,ses-1,task-rest,run-03,sub-INET061_ses-1_task-rest_run-03_bold.nii.gz,0,,,5.0,include,/gpfs/research/grattonlab/iNetworks/Nifti/derivatives/preproc_fmriprep-24.1.1/sub-INET061/ses-1/func/FD_outputs/sub-INET061_ses-1_task-rest_run-03_desc-tmask_fFD.txt,sub-INET061_ses-1_task-rest_run-03_desc-tmask_fFD.txt,264,0,1
sub-INET061,ses-1,task-rest,run-05,sub-INET061_ses-1_task-rest_run-05_bold.nii.gz,0,,,5.0,include,/gpfs/research/grattonlab/iNetworks/Nifti/derivatives/preproc_fmriprep-24.1.1/sub-INET061/ses-1/func/FD_outputs/sub-INET061_ses-1_task-rest_run-05_desc-tmask_fFD.txt,sub-INET061_ses-1_task-rest_run-05_desc-tmask_fFD.txt,257,0,1
sub-INET061,ses-2,task-rest,run-02,sub-INET061_ses-2_task-rest_run-02_bold.nii.gz,0,,,5.0,include,/gpfs/research/grattonlab/iNetworks/Nifti/derivatives/preproc_fmriprep-24.1.1/sub-INET061/ses-2/func/FD_outputs/sub-INET061_ses-2_task-rest_run-02_desc-tmask_fFD.txt,sub-INET061_ses-2_task-rest_run-02_desc-tmask_fFD.txt,239,0,1
sub-INET061,ses-4,task-rest,run-02,sub-INET061_ses-4_task-rest_run-02_bold.nii.gz,0,,,5.0,include,/gpfs/research/grattonlab/iNetworks/Nifti/derivatives/preproc_fmriprep-24.1.1/sub-INET061/ses-4/func/FD_outputs/sub-INET061_ses-4_task-rest_run-02_desc-tmask_fFD.txt,sub-INET061_ses-4_task-rest_run-02_desc-tmask_fFD.txt,254,0,1
sub-INET061,ses-4,task-rest,run-03,sub-INET061_ses-4_task-rest_run-03_bold.nii.gz,0,,,5.0,include,/gpfs/research/grattonlab/iNetworks/Nifti/derivatives/preproc_fmriprep-24.1.1/sub-INET061/ses-4/func/FD_outputs/sub-INET061_ses-4_task-rest_run-03_desc-tmask_fFD.txt,sub-INET061_ses-4_task-rest_run-03_desc-tmask_fFD.txt,260,0,1
sub-INET065,ses-1,task-rest,run-02,sub-INET065_ses-1_task-rest_run-02_bold.nii.gz,0,,,5.0,include,/gpfs/research/grattonlab/iNetworks/Nifti/derivatives/preproc_fmriprep-24.1.1/sub-INET065/ses-1/func/FD_outputs/sub-INET065_ses-1_task-rest_run-02_desc-tmask_fFD.txt,sub-INET065_ses-1_task-rest_run-02_desc-tmask_fFD.txt,258,0,1
sub-INET065,ses-1,task-rest,run-06,sub-INET065_ses-1_task-rest_run-06_bold.nii.gz,0,,,5.0,include,/gpfs/research/grattonlab/iNetworks/Nifti/derivatives/preproc_fmriprep-24.1.1/sub-INET065/ses-1/func/FD_outputs/sub-INET065_ses-1_task-rest_run-06_desc-tmask_fFD.txt,sub-INET065_ses-1_task-rest_run-06_desc-tmask_fFD.txt,203,0,1
sub-INET065,ses-3,task-rest,run-04,sub-INET065_ses-3_task-rest_run-04_bold.nii.gz,0,,,5.0,include,/gpfs/research/grattonlab/iNetworks/Nifti/derivatives/preproc_fmriprep-24.1.1/sub-INET065/ses-3/func/FD_outputs/sub-INET065_ses-3_task-rest_run-04_desc-tmask_fFD.txt,sub-INET065_ses-3_task-rest_run-04_desc-tmask_fFD.txt,252,0,1
sub-INET065,ses-3,task-rest,run-05,sub-INET065_ses-3_task-rest_run-05_bold.nii.gz,0,,,5.0,include,/gpfs/research/grattonlab/iNetworks/Nifti/derivatives/preproc_fmriprep-24.1.1/sub-INET065/ses-3/func/FD_outputs/sub-INET065_ses-3_task-rest_run-05_desc-tmask_fFD.txt,sub-INET065_ses-3_task-rest_run-05_desc-tmask_fFD.txt,217,0,1
sub-INET065,ses-4,task-rest,run-04,sub-INET065_ses-4_task-rest_run-04_bold.nii.gz,0,,,5.0,include,/gpfs/research/grattonlab/iNetworks/Nifti/derivatives/preproc_fmriprep-24.1.1/sub-INET065/ses-4/func/FD_outputs/sub-INET065_ses-4_task-rest_run-04_desc-tmask_fFD.txt,sub-INET065_ses-4_task-rest_run-04_desc-tmask_fFD.txt,244,0,1
sub-INET071,ses-1,task-rest,run-01,sub-INET071_ses-1_task-rest_run-01_bold.nii.gz,0,,,5.0,include,/gpfs/research/grattonlab/iNetworks/Nifti/derivatives/preproc_fmriprep-24.1.1/sub-INET071/ses-1/func/FD_outputs/sub-INET071_ses-1_task-rest_run-01_desc-tmask_fFD.txt,sub-INET071_ses-1_task-rest_run-01_desc-tmask_fFD.txt,264,0,1
sub-INET071,ses-1,task-rest,run-04,sub-INET071_ses-1_task-rest_run-04_bold.nii.gz,0,,,5.0,include,/gpfs/research/grattonlab/iNetworks/Nifti/derivatives/preproc_fmriprep-24.1.1/sub-INET071/ses-1/func/FD_outputs/sub-INET071_ses-1_task-rest_run-04_desc-tmask_fFD.txt,sub-INET071_ses-1_task-rest_run-04_desc-tmask_fFD.txt,265,0,1
sub-INET071,ses-1,task-rest,run-07,sub-INET071_ses-1_task-rest_run-07_bold.nii.gz,0,,,5.0,include,/gpfs/research/grattonlab/iNetworks/Nifti/derivatives/preproc_fmriprep-24.1.1/sub-INET071/ses-1/func/FD_outputs/sub-INET071_ses-1_task-rest_run-07_desc-tmask_fFD.txt,sub-INET071_ses-1_task-rest_run-07_desc-tmask_fFD.txt,262,0,1
sub-INET071,ses-2,task-rest,run-05,sub-INET071_ses-2_task-rest_run-05_bold.nii.gz,0,,,5.0,include,/gpfs/research/grattonlab/iNetworks/Nifti/derivatives/preproc_fmriprep-24.1.1/sub-INET071/ses-2/func/FD_outputs/sub-INET071_ses-2_task-rest_run-05_desc-tmask_fFD.txt,sub-INET071_ses-2_task-rest_run-05_desc-tmask_fFD.txt,264,0,1
sub-INET071,ses-2,task-rest,run-06,sub-INET071_ses-2_task-rest_run-06_bold.nii.gz,0,,,5.0,include,/gpfs/research/grattonlab/iNetworks/Nifti/derivatives/preproc_fmriprep-24.1.1/sub-INET071/ses-2/func/FD_outputs/sub-INET071_ses-2_task-rest_run-06_desc-tmask_fFD.txt,sub-INET071_ses-2_task-rest_run-06_desc-tmask_fFD.txt,264,0,1
sub-INET071,ses-2,task-rest,run-07,sub-INET071_ses-2_task-rest_run-07_bold.nii.gz,0,,,5.0,include,/gpfs/research/grattonlab/iNetworks/Nifti/derivatives/preproc_fmriprep-24.1.1/sub-INET071/ses-2/func/FD_outputs/sub-INET071_ses-2_task-rest_run-07_desc-tmask_fFD.txt,sub-INET071_ses-2_task-rest_run-07_desc-tmask_fFD.txt,265,0,1
sub-INET071,ses-3,task-rest,run-02,sub-INET071_ses-3_task-rest_run-02_bold.nii.gz,0,,,5.0,include,/gpfs/research/grattonlab/iNetworks/Nifti/derivatives/preproc_fmriprep-24.1.1/sub-INET071/ses-3/func/FD_outputs/sub-INET071_ses-3_task-rest_run-02_desc-tmask_fFD.txt,sub-INET071_ses-3_task-rest_run-02_desc-tmask_fFD.txt,263,0,1
sub-INET071,ses-3,task-rest,run-06,sub-INET071_ses-3_task-rest_run-06_bold.nii.gz,0,,,5.0,include,/gpfs/research/grattonlab/iNetworks/Nifti/derivatives/preproc_fmriprep-24.1.1/sub-INET071/ses-3/func/FD_outputs/sub-INET071_ses-3_task-rest_run-06_desc-tmask_fFD.txt,sub-INET071_ses-3_task-rest_run-06_desc-tmask_fFD.txt,264,0,1
sub-INET071,ses-3,task-rest,run-07,sub-INET071_ses-3_task-rest_run-07_bold.nii.gz,0,,,5.0,include,/gpfs/research/grattonlab/iNetworks/Nifti/derivatives/preproc_fmriprep-24.1.1/sub-INET071/ses-3/func/FD_outputs/sub-INET071_ses-3_task-rest_run-07_desc-tmask_fFD.txt,sub-INET071_ses-3_task-rest_run-07_desc-tmask_fFD.txt,264,0,1
sub-INET071,ses-3,task-rest,run-08,sub-INET071_ses-3_task-rest_run-08_bold.nii.gz,0,,,5.0,include,/gpfs/research/grattonlab/iNetworks/Nifti/derivatives/preproc_fmriprep-24.1.1/sub-INET071/ses-3/func/FD_outputs/sub-INET071_ses-3_task-rest_run-08_desc-tmask_fFD.txt,sub-INET071_ses-3_task-rest_run-08_desc-tmask_fFD.txt,264,0,1
sub-INET071,ses-4,task-rest,run-05,sub-INET071_ses-4_task-rest_run-05_bold.nii.gz,0,,,5.0,include,/gpfs/research/grattonlab/iNetworks/Nifti/derivatives/preproc_fmriprep-24.1.1/sub-INET071/ses-4/func/FD_outputs/sub-INET071_ses-4_task-rest_run-05_desc-tmask_fFD.txt,sub-INET071_ses-4_task-rest_run-05_desc-tmask_fFD.txt,265,0,1
sub-INET071,ses-4,task-rest,run-08,sub-INET071_ses-4_task-rest_run-08_bold.nii.gz,0,,,5.0,include,/gpfs/research/grattonlab/iNetworks/Nifti/derivatives/preproc_fmriprep-24.1.1/sub-INET071/ses-4/func/FD_outputs/sub-INET071_ses-4_task-rest_run-08_desc-tmask_fFD.txt,sub-INET071_ses-4_task-rest_run-08_desc-tmask_fFD.txt,265,0,1
sub-INET072,ses-1,task-rest,run-06,sub-INET072_ses-1_task-rest_run-06_bold.nii.gz,0,,,5.0,include,/gpfs/research/grattonlab/iNetworks/Nifti/derivatives/preproc_fmriprep-24.1.1/sub-INET072/ses-1/func/FD_outputs/sub-INET072_ses-1_task-rest_run-06_desc-tmask_fFD.txt,sub-INET072_ses-1_task-rest_run-06_desc-tmask_fFD.txt,258,0,1
sub-INET072,ses-1,task-rest,run-07,sub-INET072_ses-1_task-rest_run-07_bold.nii.gz,0,,,5.0,include,/gpfs/research/grattonlab/iNetworks/Nifti/derivatives/preproc_fmriprep-24.1.1/sub-INET072/ses-1/func/FD_outputs/sub-INET072_ses-1_task-rest_run-07_desc-tmask_fFD.txt,sub-INET072_ses-1_task-rest_run-07_desc-tmask_fFD.txt,225,0,1
sub-INET072,ses-2,task-rest,run-03,sub-INET072_ses-2_task-rest_run-03_bold.nii.gz,0,,,5.0,include,/gpfs/research/grattonlab/iNetworks/Nifti/derivatives/preproc_fmriprep-24.1.1/sub-INET072/ses-2/func/FD_outputs/sub-INET072_ses-2_task-rest_run-03_desc-tmask_fFD.txt,sub-INET072_ses-2_task-rest_run-03_desc-tmask_fFD.txt,251,0,1
sub-INET072,ses-3,task-rest,run-04,sub-INET072_ses-3_task-rest_run-04_bold.nii.gz,0,,,5.0,include,/gpfs/research/grattonlab/iNetworks/Nifti/derivatives/preproc_fmriprep-24.1.1/sub-INET072/ses-3/func/FD_outputs/sub-INET072_ses-3_task-rest_run-04_desc-tmask_fFD.txt,sub-INET072_ses-3_task-rest_run-04_desc-tmask_fFD.txt,262,0,1
sub-INET072,ses-4,task-rest,run-03,sub-INET072_ses-4_task-rest_run-03_bold.nii.gz,0,,,5.0,include,/gpfs/research/grattonlab/iNetworks/Nifti/derivatives/preproc_fmriprep-24.1.1/sub-INET072/ses-4/func/FD_outputs/sub-INET072_ses-4_task-rest_run-03_desc-tmask_fFD.txt,sub-INET072_ses-4_task-rest_run-03_desc-tmask_fFD.txt,248,0,1
sub-INET077,ses-1,task-rest,run-02,sub-INET077_ses-1_task-rest_run-02_bold.nii.gz,0,,long blinks in last 90 seconds,2.0,include,/gpfs/research/grattonlab/iNetworks/Nifti/derivatives/preproc_fmriprep-24.1.1/sub-INET077/ses-1/func/FD_outputs/sub-INET077_ses-1_task-rest_run-02_desc-tmask_fFD.txt,sub-INET077_ses-1_task-rest_run-02_desc-tmask_fFD.txt,249,1,1
sub-INET077,ses-1,task-rest,run-03,sub-INET077_ses-1_task-rest_run-03_bold.nii.gz,0,,long blinks in second half,2.0,include,/gpfs/research/grattonlab/iNetworks/Nifti/derivatives/preproc_fmriprep-24.1.1/sub-INET077/ses-1/func/FD_outputs/sub-INET077_ses-1_task-rest_run-03_desc-tmask_fFD.txt,sub-INET077_ses-1_task-rest_run-03_desc-tmask_fFD.txt,251,1,1
sub-INET077,ses-1,task-rest,run-06,sub-INET077_ses-1_task-rest_run-06_bold.nii.gz,0,,long blinks in last minute,2.0,include,/gpfs/research/grattonlab/iNetworks/Nifti/derivatives/preproc_fmriprep-24.1.1/sub-INET077/ses-1/func/FD_outputs/sub-INET077_ses-1_task-rest_run-06_desc-tmask_fFD.txt,sub-INET077_ses-1_task-rest_run-06_desc-tmask_fFD.txt,153,1,1
sub-INET077,ses-1,task-rest,run-07,sub-INET077_ses-1_task-rest_run-07_bold.nii.gz,0,,long blinks,3.0,include,/gpfs/research/grattonlab/iNetworks/Nifti/derivatives/preproc_fmriprep-24.1.1/sub-INET077/ses-1/func/FD_outputs/sub-INET077_ses-1_task-rest_run-07_desc-tmask_fFD.txt,sub-INET077_ses-1_task-rest_run-07_desc-tmask_fFD.txt,163,1,1
sub-INET077,ses-2,task-rest,run-05,sub-INET077_ses-2_task-rest_run-05_bold.nii.gz,0,,long blinks; especially in the last minute,2.0,include,/gpfs/research/grattonlab/iNetworks/Nifti/derivatives/preproc_fmriprep-24.1.1/sub-INET077/ses-2/func/FD_outputs/sub-INET077_ses-2_task-rest_run-05_desc-tmask_fFD.txt,sub-INET077_ses-2_task-rest_run-05_desc-tmask_fFD.txt,218,1,1
sub-INET077,ses-3,task-rest,run-02,sub-INET077_ses-3_task-rest_run-02_bold.nii.gz,0,,long blinks in 2nd half,2.0,include,/gpfs/research/grattonlab/iNetworks/Nifti/derivatives/preproc_fmriprep-24.1.1/sub-INET077/ses-3/func/FD_outputs/sub-INET077_ses-3_task-rest_run-02_desc-tmask_fFD.txt,sub-INET077_ses-3_task-rest_run-02_desc-tmask_fFD.txt,214,1,1
sub-INET080,ses-2,task-rest,run-04,sub-INET080_ses-2_task-rest_run-04_bold.nii.gz,0,,,5.0,include,/gpfs/research/grattonlab/iNetworks/Nifti/derivatives/preproc_fmriprep-24.1.1/sub-INET080/ses-2/func/FD_outputs/sub-INET080_ses-2_task-rest_run-04_desc-tmask_fFD.txt,sub-INET080_ses-2_task-rest_run-04_desc-tmask_fFD.txt,256,0,1
sub-INET080,ses-2,task-rest,run-06,sub-INET080_ses-2_task-rest_run-06_bold.nii.gz,0,,,5.0,include,/gpfs/research/grattonlab/iNetworks/Nifti/derivatives/preproc_fmriprep-24.1.1/sub-INET080/ses-2/func/FD_outputs/sub-INET080_ses-2_task-rest_run-06_desc-tmask_fFD.txt,sub-INET080_ses-2_task-rest_run-06_desc-tmask_fFD.txt,244,0,1
sub-INET080,ses-2,task-rest,run-07,sub-INET080_ses-2_task-rest_run-07_bold.nii.gz,0,,,5.0,include,/gpfs/research/grattonlab/iNetworks/Nifti/derivatives/preproc_fmriprep-24.1.1/sub-INET080/ses-2/func/FD_outputs/sub-INET080_ses-2_task-rest_run-07_desc-tmask_fFD.txt,sub-INET080_ses-2_task-rest_run-07_desc-tmask_fFD.txt,218,0,1
sub-INET080,ses-3,task-rest,run-02,sub-INET080_ses-3_task-rest_run-02_bold.nii.gz,0,,,5.0,include,/gpfs/research/grattonlab/iNetworks/Nifti/derivatives/preproc_fmriprep-24.1.1/sub-INET080/ses-3/func/FD_outputs/sub-INET080_ses-3_task-rest_run-02_desc-tmask_fFD.txt,sub-INET080_ses-3_task-rest_run-02_desc-tmask_fFD.txt,222,0,1
sub-INET080,ses-3,task-rest,run-03,sub-INET080_ses-3_task-rest_run-03_bold.nii.gz,0,,,5.0,include,/gpfs/research/grattonlab/iNetworks/Nifti/derivatives/preproc_fmriprep-24.1.1/sub-INET080/ses-3/func/FD_outputs/sub-INET080_ses-3_task-rest_run-03_desc-tmask_fFD.txt,sub-INET080_ses-3_task-rest_run-03_desc-tmask_fFD.txt,243,0,1
sub-INET080,ses-3,task-rest,run-04,sub-INET080_ses-3_task-rest_run-04_bold.nii.gz,0,,,5.0,include,/gpfs/research/grattonlab/iNetworks/Nifti/derivatives/preproc_fmriprep-24.1.1/sub-INET080/ses-3/func/FD_outputs/sub-INET080_ses-3_task-rest_run-04_desc-tmask_fFD.txt,sub-INET080_ses-3_task-rest_run-04_desc-tmask_fFD.txt,240,0,1
sub-INET080,ses-4,task-rest,run-05,sub-INET080_ses-4_task-rest_run-05_bold.nii.gz,0,,,5.0,include,/gpfs/research/grattonlab/iNetworks/Nifti/derivatives/preproc_fmriprep-24.1.1/sub-INET080/ses-4/func/FD_outputs/sub-INET080_ses-4_task-rest_run-05_desc-tmask_fFD.txt,sub-INET080_ses-4_task-rest_run-05_desc-tmask_fFD.txt,245,0,1
sub-INET083,ses-1,task-rest,run-02,sub-INET083_ses-1_task-rest_run-02_bold.nii.gz,0,,,5.0,include,/gpfs/research/grattonlab/iNetworks/Nifti/derivatives/preproc_fmriprep-24.1.1/sub-INET083/ses-1/func/FD_outputs/sub-INET083_ses-1_task-rest_run-02_desc-tmask_fFD.txt,sub-INET083_ses-1_task-rest_run-02_desc-tmask_fFD.txt,262,0,1
sub-INET083,ses-2,task-rest,run-03,sub-INET083_ses-2_task-rest_run-03_bold.nii.gz,0,,,5.0,include,/gpfs/research/grattonlab/iNetworks/Nifti/derivatives/preproc_fmriprep-24.1.1/sub-INET083/ses-2/func/FD_outputs/sub-INET083_ses-2_task-rest_run-03_desc-tmask_fFD.txt,sub-INET083_ses-2_task-rest_run-03_desc-tmask_fFD.txt,258,0,1
sub-INET083,ses-2,task-rest,run-04,sub-INET083_ses-2_task-rest_run-04_bold.nii.gz,0,,,5.0,include,/gpfs/research/grattonlab/iNetworks/Nifti/derivatives/preproc_fmriprep-24.1.1/sub-INET083/ses-2/func/FD_outputs/sub-INET083_ses-2_task-rest_run-04_desc-tmask_fFD.txt,sub-INET083_ses-2_task-rest_run-04_desc-tmask_fFD.txt,252,0,1
sub-INET083,ses-2,task-rest,run-05,sub-INET083_ses-2_task-rest_run-05_bold.nii.gz,0,,long blinks,5.0,include,/gpfs/research/grattonlab/iNetworks/Nifti/derivatives/preproc_fmriprep-24.1.1/sub-INET083/ses-2/func/FD_outputs/sub-INET083_ses-2_task-rest_run-05_desc-tmask_fFD.txt,sub-INET083_ses-2_task-rest_run-05_desc-tmask_fFD.txt,254,1,1
sub-INET083,ses-4,task-rest,run-06,sub-INET083_ses-4_task-rest_run-06_bold.nii.gz,0,,,5.0,include,/gpfs/research/grattonlab/iNetworks/Nifti/derivatives/preproc_fmriprep-24.1.1/sub-INET083/ses-4/func/FD_outputs/sub-INET083_ses-4_task-rest_run-06_desc-tmask_fFD.txt,sub-INET083_ses-4_task-rest_run-06_desc-tmask_fFD.txt,245,0,1
sub-INET083,ses-4,task-rest,run-07,sub-INET083_ses-4_task-rest_run-07_bold.nii.gz,0,,long blinks in last minute,5.0,include,/gpfs/research/grattonlab/iNetworks/Nifti/derivatives/preproc_fmriprep-24.1.1/sub-INET083/ses-4/func/FD_outputs/sub-INET083_ses-4_task-rest_run-07_desc-tmask_fFD.txt,sub-INET083_ses-4_task-rest_run-07_desc-tmask_fFD.txt,257,1,1
sub-INET083,ses-4,task-rest,run-08,sub-INET083_ses-4_task-rest_run-08_bold.nii.gz,0,,,5.0,include,/gpfs/research/grattonlab/iNetworks/Nifti/derivatives/preproc_fmriprep-24.1.1/sub-INET083/ses-4/func/FD_outputs/sub-INET083_ses-4_task-rest_run-08_desc-tmask_fFD.txt,sub-INET083_ses-4_task-rest_run-08_desc-tmask_fFD.txt,263,0,1
sub-INET087,ses-1,task-rest,run-01,sub-INET087_ses-1_task-rest_run-01_bold.nii.gz,0,,,5.0,include,/gpfs/research/grattonlab/iNetworks/Nifti/derivatives/preproc_fmriprep-24.1.1/sub-INET087/ses-1/func/FD_outputs/sub-INET087_ses-1_task-rest_run-01_desc-tmask_fFD.txt,sub-INET087_ses-1_task-rest_run-01_desc-tmask_fFD.txt,264,0,1
sub-INET087,ses-2,task-rest,run-04,sub-INET087_ses-2_task-rest_run-04_bold.nii.gz,0,,,5.0,include,/gpfs/research/grattonlab/iNetworks/Nifti/derivatives/preproc_fmriprep-24.1.1/sub-INET087/ses-2/func/FD_outputs/sub-INET087_ses-2_task-rest_run-04_desc-tmask_fFD.txt,sub-INET087_ses-2_task-rest_run-04_desc-tmask_fFD.txt,244,0,1
sub-INET087,ses-2,task-rest,run-05,sub-INET087_ses-2_task-rest_run-05_bold.nii.gz,0,,,5.0,include,/gpfs/research/grattonlab/iNetworks/Nifti/derivatives/preproc_fmriprep-24.1.1/sub-INET087/ses-2/func/FD_outputs/sub-INET087_ses-2_task-rest_run-05_desc-tmask_fFD.txt,sub-INET087_ses-2_task-rest_run-05_desc-tmask_fFD.txt,260,0,1
sub-INET087,ses-3,task-rest,run-01,sub-INET087_ses-3_task-rest_run-01_bold.nii.gz,0,,,5.0,include,/gpfs/research/grattonlab/iNetworks/Nifti/derivatives/preproc_fmriprep-24.1.1/sub-INET087/ses-3/func/FD_outputs/sub-INET087_ses-3_task-rest_run-01_desc-tmask_fFD.txt,sub-INET087_ses-3_task-rest_run-01_desc-tmask_fFD.txt,263,0,1
sub-INET087,ses-3,task-rest,run-02,sub-INET087_ses-3_task-rest_run-02_bold.nii.gz,0,,,5.0,include,/gpfs/research/grattonlab/iNetworks/Nifti/derivatives/preproc_fmriprep-24.1.1/sub-INET087/ses-3/func/FD_outputs/sub-INET087_ses-3_task-rest_run-02_desc-tmask_fFD.txt,sub-INET087_ses-3_task-rest_run-02_desc-tmask_fFD.txt,259,0,1
sub-INET087,ses-4,task-rest,run-01,sub-INET087_ses-4_task-rest_run-01_bold.nii.gz,0,,,5.0,include,/gpfs/research/grattonlab/iNetworks/Nifti/derivatives/preproc_fmriprep-24.1.1/sub-INET087/ses-4/func/FD_outputs/sub-INET087_ses-4_task-rest_run-01_desc-tmask_fFD.txt,sub-INET087_ses-4_task-rest_run-01_desc-tmask_fFD.txt,261,0,1
sub-INET087,ses-4,task-rest,run-04,sub-INET087_ses-4_task-rest_run-04_bold.nii.gz,0,,,5.0,include,/gpfs/research/grattonlab/iNetworks/Nifti/derivatives/preproc_fmriprep-24.1.1/sub-INET087/ses-4/func/FD_outputs/sub-INET087_ses-4_task-rest_run-04_desc-tmask_fFD.txt,sub-INET087_ses-4_task-rest_run-04_desc-tmask_fFD.txt,262,0,1
sub-INET087,ses-4,task-rest,run-06,sub-INET087_ses-4_task-rest_run-06_bold.nii.gz,0,,,5.0,include,/gpfs/research/grattonlab/iNetworks/Nifti/derivatives/preproc_fmriprep-24.1.1/sub-INET087/ses-4/func/FD_outputs/sub-INET087_ses-4_task-rest_run-06_desc-tmask_fFD.txt,sub-INET087_ses-4_task-rest_run-06_desc-tmask_fFD.txt,245,0,1
sub-INET087,ses-4,task-rest,run-07,sub-INET087_ses-4_task-rest_run-07_bold.nii.gz,0,,,5.0,include,/gpfs/research/grattonlab/iNetworks/Nifti/derivatives/preproc_fmriprep-24.1.1/sub-INET087/ses-4/func/FD_outputs/sub-INET087_ses-4_task-rest_run-07_desc-tmask_fFD.txt,sub-INET087_ses-4_task-rest_run-07_desc-tmask_fFD.txt,250,0,1
sub-INET140,ses-1,task-rest,run-01,sub-INET140_ses-1_task-rest_run-01_bold.nii.gz,0,,,5.0,include,/gpfs/research/grattonlab/iNetworks/Nifti/derivatives/preproc_fmriprep-24.1.1/sub-INET140/ses-1/func/FD_outputs/sub-INET140_ses-1_task-rest_run-01_desc-tmask_fFD.txt,sub-INET140_ses-1_task-rest_run-01_desc-tmask_fFD.txt,243,0,1
sub-INET140,ses-1,task-rest,run-02,sub-INET140_ses-1_task-rest_run-02_bold.nii.gz,0,,,5.0,include,/gpfs/research/grattonlab/iNetworks/Nifti/derivatives/preproc_fmriprep-24.1.1/sub-INET140/ses-1/func/FD_outputs/sub-INET140_ses-1_task-rest_run-02_desc-tmask_fFD.txt,sub-INET140_ses-1_task-rest_run-02_desc-tmask_fFD.txt,215,0,1
sub-INET140,ses-1,task-rest,run-06,sub-INET140_ses-1_task-rest_run-06_bold.nii.gz,0,,,5.0,include,/gpfs/research/grattonlab/iNetworks/Nifti/derivatives/preproc_fmriprep-24.1.1/sub-INET140/ses-1/func/FD_outputs/sub-INET140_ses-1_task-rest_run-06_desc-tmask_fFD.txt,sub-INET140_ses-1_task-rest_run-06_desc-tmask_fFD.txt,142,0,1
sub-INET140,ses-2,task-rest,run-02,sub-INET140_ses-2_task-rest_run-02_bold.nii.gz,0,,,5.0,include,/gpfs/research/grattonlab/iNetworks/Nifti/derivatives/preproc_fmriprep-24.1.1/sub-INET140/ses-2/func/FD_outputs/sub-INET140_ses-2_task-rest_run-02_desc-tmask_fFD.txt,sub-INET140_ses-2_task-rest_run-02_desc-tmask_fFD.txt,217,0,1
sub-INET140,ses-3,task-rest,run-03,sub-INET140_ses-3_task-rest_run-03_bold.nii.gz,0,,,5.0,include,/gpfs/research/grattonlab/iNetworks/Nifti/derivatives/preproc_fmriprep-24.1.1/sub-INET140/ses-3/func/FD_outputs/sub-INET140_ses-3_task-rest_run-03_desc-tmask_fFD.txt,sub-INET140_ses-3_task-rest_run-03_desc-tmask_fFD.txt,211,0,1
sub-INET140,ses-4,task-rest,run-04,sub-INET140_ses-4_task-rest_run-04_bold.nii.gz,0,,,5.0,include,/gpfs/research/grattonlab/iNetworks/Nifti/derivatives/preproc_fmriprep-24.1.1/sub-INET140/ses-4/func/FD_outputs/sub-INET140_ses-4_task-rest_run-04_desc-tmask_fFD.txt,sub-INET140_ses-4_task-rest_run-04_desc-tmask_fFD.txt,244,0,1
sub-INET140,ses-4,task-rest,run-06,sub-INET140_ses-4_task-rest_run-06_bold.nii.gz,0,,,5.0,include,/gpfs/research/grattonlab/iNetworks/Nifti/derivatives/preproc_fmriprep-24.1.1/sub-INET140/ses-4/func/FD_outputs/sub-INET140_ses-4_task-rest_run-06_desc-tmask_fFD.txt,sub-INET140_ses-4_task-rest_run-06_desc-tmask_fFD.txt,234,0,1
sub-INET158,ses-1,task-rest,run-04,sub-INET158_ses-1_task-rest_run-04_bold.nii.gz,0,,,5.0,include,/gpfs/research/grattonlab/iNetworks/Nifti/derivatives/preproc_fmriprep-24.1.1/sub-INET158/ses-1/func/FD_outputs/sub-INET158_ses-1_task-rest_run-04_desc-tmask_fFD.txt,sub-INET158_ses-1_task-rest_run-04_desc-tmask_fFD.txt,248,0,1
sub-INET158,ses-2,task-rest,run-03,sub-INET158_ses-2_task-rest_run-03_bold.nii.gz,0,,,5.0,include,/gpfs/research/grattonlab/iNetworks/Nifti/derivatives/preproc_fmriprep-24.1.1/sub-INET158/ses-2/func/FD_outputs/sub-INET158_ses-2_task-rest_run-03_desc-tmask_fFD.txt,sub-INET158_ses-2_task-rest_run-03_desc-tmask_fFD.txt,265,0,1
sub-INET158,ses-2,task-rest,run-04,sub-INET158_ses-2_task-rest_run-04_bold.nii.gz,0,,,5.0,include,/gpfs/research/grattonlab/iNetworks/Nifti/derivatives/preproc_fmriprep-24.1.1/sub-INET158/ses-2/func/FD_outputs/sub-INET158_ses-2_task-rest_run-04_desc-tmask_fFD.txt,sub-INET158_ses-2_task-rest_run-04_desc-tmask_fFD.txt,265,0,1
sub-INET158,ses-4,task-rest,run-01,sub-INET158_ses-4_task-rest_run-01_bold.nii.gz,0,,long eye blinks,2.0,include,/gpfs/research/grattonlab/iNetworks/Nifti/derivatives/preproc_fmriprep-24.1.1/sub-INET158/ses-4/func/FD_outputs/sub-INET158_ses-4_task-rest_run-01_desc-tmask_fFD.txt,sub-INET158_ses-4_task-rest_run-01_desc-tmask_fFD.txt,263,1,1
sub-INET158,ses-4,task-rest,run-05,sub-INET158_ses-4_task-rest_run-05_bold.nii.gz,0,,eyes/long blinks,3.0,include,/gpfs/research/grattonlab/iNetworks/Nifti/derivatives/preproc_fmriprep-24.1.1/sub-INET158/ses-4/func/FD_outputs/sub-INET158_ses-4_task-rest_run-05_desc-tmask_fFD.txt,sub-INET158_ses-4_task-rest_run-05_desc-tmask_fFD.txt,264,1,1
sub-INET160,ses-1,task-rest,run-02,sub-INET160_ses-1_task-rest_run-02_bold.nii.gz,0,,,5.0,include,/gpfs/research/grattonlab/iNetworks/Nifti/derivatives/preproc_fmriprep-24.1.1/sub-INET160/ses-1/func/FD_outputs/sub-INET160_ses-1_task-rest_run-02_desc-tmask_fFD.txt,sub-INET160_ses-1_task-rest_run-02_desc-tmask_fFD.txt,215,0,1
sub-INET160,ses-1,task-rest,run-05,sub-INET160_ses-1_task-rest_run-05_bold.nii.gz,0,,,5.0,include,/gpfs/research/grattonlab/iNetworks/Nifti/derivatives/preproc_fmriprep-24.1.1/sub-INET160/ses-1/func/FD_outputs/sub-INET160_ses-1_task-rest_run-05_desc-tmask_fFD.txt,sub-INET160_ses-1_task-rest_run-05_desc-tmask_fFD.txt,264,0,1
sub-INET160,ses-2,task-rest,run-04,sub-INET160_ses-2_task-rest_run-04_bold.nii.gz,0,,,5.0,include,/gpfs/research/grattonlab/iNetworks/Nifti/derivatives/preproc_fmriprep-24.1.1/sub-INET160/ses-2/func/FD_outputs/sub-INET160_ses-2_task-rest_run-04_desc-tmask_fFD.txt,sub-INET160_ses-2_task-rest_run-04_desc-tmask_fFD.txt,250,0,1
sub-INET160,ses-2,task-rest,run-06,sub-INET160_ses-2_task-rest_run-06_bold.nii.gz,0,,,5.0,include,/gpfs/research/grattonlab/iNetworks/Nifti/derivatives/preproc_fmriprep-24.1.1/sub-INET160/ses-2/func/FD_outputs/sub-INET160_ses-2_task-rest_run-06_desc-tmask_fFD.txt,sub-INET160_ses-2_task-rest_run-06_desc-tmask_fFD.txt,227,0,1
sub-INET160,ses-3,task-rest,run-04,sub-INET160_ses-3_task-rest_run-04_bold.nii.gz,0,,,5.0,include,/gpfs/research/grattonlab/iNetworks/Nifti/derivatives/preproc_fmriprep-24.1.1/sub-INET160/ses-3/func/FD_outputs/sub-INET160_ses-3_task-rest_run-04_desc-tmask_fFD.txt,sub-INET160_ses-3_task-rest_run-04_desc-tmask_fFD.txt,264,0,1
