sub,sleepy_minutes,nsleepy_minutes
sub-INET016,32.12,37.16166666666667
sub-INET026,42.73500000000001,37.125
sub-INET032,26.895,81.4
sub-INET036,28.765,48.015
sub-INET046,28.581666666666667,66.25666666666667
sub-INET058,23.980000000000004,82.37166666666667
sub-INET061,28.19666666666667,90.64000000000001
sub-INET065,21.523333333333333,82.64666666666668
sub-INET071,58.098333333333336,33.678333333333335
sub-INET072,22.80666666666667,81.73
sub-INET077,22.880000000000003,77.69666666666667
sub-INET080,30.580000000000002,22.843333333333337
sub-INET083,32.835,57.27333333333333
sub-INET087,42.31333333333334,26.436666666666667
sub-INET140,27.610000000000003,33.23833333333334
sub-INET158,23.925000000000004,91.79500000000002
sub-INET160,22.366666666666667,23.228333333333335
